N,q,init_name,init_value,iteration,mean_rel_error,max_rel_error,mean_abs_f
256,1.0,n^(1/q),256.000000,0,0.0110736666,0.0214198921,0.0108277593
256,1.0,n^(1/q),256.000000,1,0.0001244356,0.0004491828,0.0001230327
256,1.0,n^(1/q),256.000000,2,0.0000000288,0.0000002425,0.0000000360
256,1.0,n^(1/q),256.000000,3,0.0000000096,0.0000001815,0.0000000094
256,1.0,n^(1/q),256.000000,4,0.0000000011,0.0000001210,0.0000000065
256,1.0,n^(1/q),256.000000,5,0.0000000055,0.0000001212,0.0000000064
256,1.0,n^(1/q),256.000000,6,0.0000000010,0.0000001211,0.0000000065
256,1.0,n^(1/q),256.000000,7,0.0000000065,0.0000001212,0.0000000064
256,1.0,n^(1/q),256.000000,8,0.0000000000,0.0000000000,0.0000000064
256,1.0,n^(1/q),256.000000,9,0.0000000065,0.0000001212,0.0000000065
256,1.0,eps=0.1,0.100000,0,0.9996050596,0.9996067882,118.1273574829
256,1.0,eps=0.1,0.100000,1,0.9969872832,0.9982069135,80.2706069946
256,1.0,eps=0.1,0.100000,2,0.9862840176,0.9929611087,41.8451461792
256,1.0,eps=0.1,0.100000,3,0.9634181857,0.9810934067,20.8483123779
256,1.0,eps=0.1,0.100000,4,0.9186660051,0.9568372965,10.2006931305
256,1.0,eps=0.1,0.100000,5,0.8351625204,0.9096446633,4.8649430275
256,1.0,eps=0.1,0.100000,6,0.6905634999,0.8219128251,2.2066774368
256,1.0,eps=0.1,0.100000,7,0.4732897580,0.6709285378,0.9006255865
256,1.0,eps=0.1,0.100000,8,0.2245183736,0.4470422566,0.2913334072
256,1.0,eps=0.1,0.100000,9,0.0524876304,0.1984627247,0.0554882586
256,1.0,eps=1.0,1.000000,0,0.9960504770,0.9960682988,73.4169845581
256,1.0,eps=1.0,1.000000,1,0.9839752913,0.9879850149,37.7289886475
256,1.0,eps=1.0,1.000000,2,0.9587730169,0.9707164168,18.7382507324
256,1.0,eps=1.0,1.000000,3,0.9097626209,0.9364187717,9.1403236389
256,1.0,eps=1.0,1.000000,4,0.8190044165,0.8711003661,4.3352260590
256,1.0,eps=1.0,1.000000,5,0.6640160084,0.7536753416,1.9441328049
256,1.0,eps=1.0,1.000000,6,0.4373874366,0.5641259551,0.7740223408
256,1.0,eps=1.0,1.000000,7,0.1913389713,0.3160382807,0.2363716662
256,1.0,eps=1.0,1.000000,8,0.0377415158,0.0991876125,0.0390487947
256,1.0,eps=1.0,1.000000,9,0.0016286050,0.0097699268,0.0016168565
256,1.0,n^(1/q)/2,128.000000,0,0.4944631755,0.4967396855,0.9572204947
256,1.0,n^(1/q)/2,128.000000,1,0.2418335080,0.2451599985,0.3144000173
256,1.0,n^(1/q)/2,128.000000,2,0.0578482188,0.0597153530,0.0606903359
256,1.0,n^(1/q)/2,128.000000,3,0.0033105444,0.0035428444,0.0032852837
256,1.0,n^(1/q)/2,128.000000,4,0.0000108355,0.0000124253,0.0000107324
256,1.0,n^(1/q)/2,128.000000,5,0.0000000459,0.0000001817,0.0000000255
256,1.0,n^(1/q)/2,128.000000,6,0.0000000309,0.0000001816,0.0000000083
256,1.0,n^(1/q)/2,128.000000,7,0.0000000286,0.0000001812,0.0000000065
256,1.0,n^(1/q)/2,128.000000,8,0.0000000291,0.0000001812,0.0000000063
256,1.0,n^(1/q)/2,128.000000,9,0.0000000286,0.0000001812,0.0000000064
256,1.0,n^(1/q)*2,512.000000,0,1.0221472979,1.0428397655,0.5027239323
256,1.0,n^(1/q)*2,512.000000,1,0.0110736666,0.0214198921,0.0108277593
256,1.0,n^(1/q)*2,512.000000,2,0.0001244356,0.0004491828,0.0001230327
256,1.0,n^(1/q)*2,512.000000,3,0.0000000288,0.0000002425,0.0000000360
256,1.0,n^(1/q)*2,512.000000,4,0.0000000096,0.0000001815,0.0000000094
256,1.0,n^(1/q)*2,512.000000,5,0.0000000011,0.0000001210,0.0000000065
256,1.0,n^(1/q)*2,512.000000,6,0.0000000055,0.0000001212,0.0000000064
256,1.0,n^(1/q)*2,512.000000,7,0.0000000010,0.0000001211,0.0000000065
256,1.0,n^(1/q)*2,512.000000,8,0.0000000065,0.0000001212,0.0000000064
256,1.0,n^(1/q)*2,512.000000,9,0.0000000000,0.0000000000,0.0000000064
256,1.0,max+1,1.000000,0,0.9960504770,0.9960682988,73.4169845581
256,1.0,max+1,1.000000,1,0.9839752913,0.9879850149,37.7289886475
256,1.0,max+1,1.000000,2,0.9587730169,0.9707164168,18.7382507324
256,1.0,max+1,1.000000,3,0.9097626209,0.9364187717,9.1403236389
256,1.0,max+1,1.000000,4,0.8190044165,0.8711003661,4.3352260590
256,1.0,max+1,1.000000,5,0.6640160084,0.7536753416,1.9441328049
256,1.0,max+1,1.000000,6,0.4373874366,0.5641259551,0.7740223408
256,1.0,max+1,1.000000,7,0.1913389713,0.3160382807,0.2363716662
256,1.0,max+1,1.000000,8,0.0377415158,0.0991876125,0.0390487947
256,1.0,max+1,1.000000,9,0.0016286050,0.0097699268,0.0016168565
256,1.0,max+n^(1/2q),16.000000,0,0.9368078709,0.9370924830,12.6581363678
256,1.0,max+n^(1/2q),16.000000,1,0.8683602810,0.8726670146,6.0932312012
256,1.0,max+n^(1/2q),16.000000,2,0.7459614277,0.7567105293,2.8162043095
256,1.0,max+n^(1/2q),16.000000,3,0.5504584908,0.5689401031,1.1959047318
256,1.0,max+n^(1/2q),16.000000,4,0.2997731566,0.3216083944,0.4217115045
256,1.0,max+n^(1/2q),16.000000,5,0.0889626145,0.1027643904,0.0965255797
256,1.0,max+n^(1/2q),16.000000,6,0.0078552663,0.0104923490,0.0078326687
256,1.0,max+n^(1/2q),16.000000,7,0.0000618416,0.0001093678,0.0000612079
256,1.0,max+n^(1/2q),16.000000,8,0.0000000479,0.0000002412,0.0000000310
256,1.0,max+n^(1/2q),16.000000,9,0.0000000298,0.0000001814,0.0000000090
256,2.0,n^(1/q),16.000000,0,0.2062901556,0.4709567130,0.2693064809
256,2.0,n^(1/q),16.000000,1,0.0582328998,0.2535316348,0.1044874489
256,2.0,n^(1/q),16.000000,2,0.0047238981,0.0630105287,0.0077510308
256,2.0,n^(1/q),16.000000,3,0.0000465210,0.0040593920,0.0000731936
256,2.0,n^(1/q),16.000000,4,0.0000000329,0.0000170968,0.0000000650
256,2.0,n^(1/q),16.000000,5,0.0000000035,0.0000000869,0.0000000176
256,2.0,n^(1/q),16.000000,6,0.0000000000,0.0000000000,0.0000000168
256,2.0,n^(1/q),16.000000,7,0.0000000030,0.0000000843,0.0000000168
256,2.0,n^(1/q),16.000000,8,0.0000000000,0.0000000000,0.0000000168
256,2.0,n^(1/q),16.000000,9,0.0000000030,0.0000000843,0.0000000168
256,2.0,eps=0.1,0.100000,0,0.9924606681,0.9930750132,182.2862548828
256,2.0,eps=0.1,0.100000,1,0.9868119359,0.9881346822,94.9406204224
256,2.0,eps=0.1,0.100000,2,0.9736317992,0.9798506498,52.0525932312
256,2.0,eps=0.1,0.100000,3,0.9387639761,0.9642085433,27.6900367737
256,2.0,eps=0.1,0.100000,4,0.8593806028,0.9279778600,13.1989574432
256,2.0,eps=0.1,0.100000,5,0.7245355844,0.8478070498,5.7939343452
256,2.0,eps=0.1,0.100000,6,0.5345713496,0.7289834023,2.3694272041
256,2.0,eps=0.1,0.100000,7,0.3096417189,0.5596402884,0.8517992496
256,2.0,eps=0.1,0.100000,8,0.1133432612,0.3489639461,0.2281749696
256,2.0,eps=0.1,0.100000,9,0.0176107083,0.1452507079,0.0310602579
256,2.0,eps=1.0,1.000000,0,0.9246068597,0.9307501912,23.7735748291
256,2.0,eps=1.0,1.000000,1,0.8305466771,0.8689605594,10.9957952499
256,2.0,eps=1.0,1.000000,2,0.6811984181,0.7704894543,4.7470207214
256,2.0,eps=1.0,1.000000,3,0.4798619151,0.6264598370,1.8992309570
256,2.0,eps=1.0,1.000000,4,0.2561052442,0.4358463585,0.6522071362
256,2.0,eps=1.0,1.000000,5,0.0813245028,0.2253157347,0.1578426361
256,2.0,eps=1.0,1.000000,6,0.0099038295,0.0645058751,0.0173315611
256,2.0,eps=1.0,1.000000,7,0.0002189022,0.0055570821,0.0003797770
256,2.0,eps=1.0,1.000000,8,0.0000002684,0.0000418705,0.0000004652
256,2.0,eps=1.0,1.000000,9,0.0000000152,0.0000001506,0.0000000206
256,2.0,n^(1/q)/2,8.000000,0,0.3968549371,0.4460017383,1.2591252327
256,2.0,n^(1/q)/2,8.000000,1,0.1777500808,0.2351311147,0.3844169974
256,2.0,n^(1/q)/2,8.000000,2,0.0386136770,0.0700298026,0.0686522573
256,2.0,n^(1/q)/2,8.000000,3,0.0020045838,0.0065385946,0.0034120400
256,2.0,n^(1/q)/2,8.000000,4,0.0000064971,0.0000580507,0.0000111468
256,2.0,n^(1/q)/2,8.000000,5,0.0000000262,0.0000001470,0.0000000392
256,2.0,n^(1/q)/2,8.000000,6,0.0000000133,0.0000000843,0.0000000181
256,2.0,n^(1/q)/2,8.000000,7,0.0000000130,0.0000000835,0.0000000178
256,2.0,n^(1/q)/2,8.000000,8,0.0000000131,0.0000000843,0.0000000178
256,2.0,n^(1/q)/2,8.000000,9,0.0000000130,0.0000000835,0.0000000178
256,2.0,n^(1/q)*2,32.000000,0,1.4125802517,1.9419134855,0.7881478667
256,2.0,n^(1/q)*2,32.000000,1,0.2062901556,0.4709567130,0.2693064809
256,2.0,n^(1/q)*2,32.000000,2,0.0582328998,0.2535316348,0.1044874489
256,2.0,n^(1/q)*2,32.000000,3,0.0047238981,0.0630105287,0.0077510308
256,2.0,n^(1/q)*2,32.000000,4,0.0000465210,0.0040593920,0.0000731936
256,2.0,n^(1/q)*2,32.000000,5,0.0000000329,0.0000170968,0.0000000650
256,2.0,n^(1/q)*2,32.000000,6,0.0000000035,0.0000000869,0.0000000176
256,2.0,n^(1/q)*2,32.000000,7,0.0000000000,0.0000000000,0.0000000168
256,2.0,n^(1/q)*2,32.000000,8,0.0000000030,0.0000000843,0.0000000168
256,2.0,n^(1/q)*2,32.000000,9,0.0000000000,0.0000000000,0.0000000168
256,2.0,max+1,1.000000,0,0.9246068597,0.9307501912,23.7735748291
256,2.0,max+1,1.000000,1,0.8305466771,0.8689605594,10.9957952499
256,2.0,max+1,1.000000,2,0.6811984181,0.7704894543,4.7470207214
256,2.0,max+1,1.000000,3,0.4798619151,0.6264598370,1.8992309570
256,2.0,max+1,1.000000,4,0.2561052442,0.4358463585,0.6522071362
256,2.0,max+1,1.000000,5,0.0813245028,0.2253157347,0.1578426361
256,2.0,max+1,1.000000,6,0.0099038295,0.0645058751,0.0173315611
256,2.0,max+1,1.000000,7,0.0002189022,0.0055570821,0.0003797770
256,2.0,max+1,1.000000,8,0.0000002684,0.0000418705,0.0000004652
256,2.0,max+1,1.000000,9,0.0000000152,0.0000001506,0.0000000206
256,2.0,max+n^(1/2q),4.000000,0,0.6984274387,0.7230008841,4.9895176888
256,2.0,max+n^(1/2q),4.000000,1,0.5003406405,0.5609869361,2.0062880516
256,2.0,max+n^(1/2q),4.000000,2,0.2736627460,0.3576146364,0.6952034235
256,2.0,max+n^(1/2q),4.000000,3,0.0887484625,0.1556950510,0.1696839035
256,2.0,max+n^(1/2q),4.000000,4,0.0103325378,0.0314815044,0.0178057626
256,2.0,max+n^(1/2q),4.000000,5,0.0001674155,0.0013368169,0.0002869465
256,2.0,max+n^(1/2q),4.000000,6,0.0000000811,0.0000023775,0.0000001340
256,2.0,max+n^(1/2q),4.000000,7,0.0000000149,0.0000000877,0.0000000194
256,2.0,max+n^(1/2q),4.000000,8,0.0000000128,0.0000000877,0.0000000161
256,2.0,max+n^(1/2q),4.000000,9,0.0000000128,0.0000000877,0.0000000161
256,4.0,n^(1/q),4.000000,0,1.1703655720,2.8028206825,0.8421109319
256,4.0,n^(1/q),4.000000,1,0.1477294564,0.9014103413,0.2784133852
256,4.0,n^(1/q),4.000000,2,0.0536939166,0.3107807040,0.1793356687
256,4.0,n^(1/q),4.000000,3,0.0146289365,0.1633805484,0.0393136516
256,4.0,n^(1/q),4.000000,4,0.0022153719,0.0494466685,0.0051833256
256,4.0,n^(1/q),4.000000,5,0.0000864351,0.0048118611,0.0001945641
256,4.0,n^(1/q),4.000000,6,0.0000002121,0.0000465855,0.0000005172
256,4.0,n^(1/q),4.000000,7,0.0000000076,0.0000001451,0.0000000425
256,4.0,n^(1/q),4.000000,8,0.0000000000,0.0000000000,0.0000000409
256,4.0,n^(1/q),4.000000,9,0.0000000064,0.0000001451,0.0000000407
256,4.0,eps=0.1,0.100000,0,0.9457408190,0.9635319114,11120.1044921875
256,4.0,eps=0.1,0.100000,1,0.9318575859,0.9530345798,4585.1958007812
256,4.0,eps=0.1,0.100000,2,0.9142750502,0.9398714304,1895.2197265625
256,4.0,eps=0.1,0.100000,3,0.8918872476,0.9231449366,786.1173095703
256,4.0,eps=0.1,0.100000,4,0.8631539345,0.9006522894,327.7173461914
256,4.0,eps=0.1,0.100000,5,0.8258498907,0.8696689606,137.5619049072
256,4.0,eps=0.1,0.100000,6,0.7766427398,0.8303586841,58.2316017151
256,4.0,eps=0.1,0.100000,7,0.7104660869,0.7766410708,24.8432083130
256,4.0,eps=0.1,0.100000,8,0.6199697256,0.7030326128,10.6065587997
256,4.0,eps=0.1,0.100000,9,0.4966529906,0.6091747284,4.4361386299
256,4.0,eps=1.0,1.000000,0,0.4574086070,0.6353189945,3.9962430000
256,4.0,eps=1.0,1.000000,1,0.2960265279,0.5138069391,1.5373272896
256,4.0,eps=1.0,1.000000,2,0.1384221464,0.3644877672,0.4927845299
256,4.0,eps=1.0,1.000000,3,0.0372714028,0.2027484626,0.1075390354
256,4.0,eps=1.0,1.000000,4,0.0040757107,0.0700103715,0.0110198222
256,4.0,eps=1.0,1.000000,5,0.0001065039,0.0091392659,0.0002930444
256,4.0,eps=1.0,1.000000,6,0.0000003199,0.0001623529,0.0000009244
256,4.0,eps=1.0,1.000000,7,0.0000000101,0.0000001451,0.0000000428
256,4.0,eps=1.0,1.000000,8,0.0000000078,0.0000001329,0.0000000412
256,4.0,eps=1.0,1.000000,9,0.0000000088,0.0000001451,0.0000000408
256,4.0,n^(1/q)/2,2.000000,0,0.1477294564,0.9014103413,0.2784133852
256,4.0,n^(1/q)/2,2.000000,1,0.0536939166,0.3107807040,0.1793356687
256,4.0,n^(1/q)/2,2.000000,2,0.0146289365,0.1633805484,0.0393136516
256,4.0,n^(1/q)/2,2.000000,3,0.0022153719,0.0494466685,0.0051833256
256,4.0,n^(1/q)/2,2.000000,4,0.0000864351,0.0048118611,0.0001945641
256,4.0,n^(1/q)/2,2.000000,5,0.0000002121,0.0000465855,0.0000005172
256,4.0,n^(1/q)/2,2.000000,6,0.0000000076,0.0000001451,0.0000000425
256,4.0,n^(1/q)/2,2.000000,7,0.0000000000,0.0000000000,0.0000000409
256,4.0,n^(1/q)/2,2.000000,8,0.0000000064,0.0000001451,0.0000000407
256,4.0,n^(1/q)/2,2.000000,9,0.0000000000,0.0000000664,0.0000000409
256,4.0,n^(1/q)*2,8.000000,0,3.3407311440,6.6056413651,0.9792027473
256,4.0,n^(1/q)*2,8.000000,1,1.1703655720,2.8028206825,0.8421109319
256,4.0,n^(1/q)*2,8.000000,2,0.1477294564,0.9014103413,0.2784133852
256,4.0,n^(1/q)*2,8.000000,3,0.0536939166,0.3107807040,0.1793356687
256,4.0,n^(1/q)*2,8.000000,4,0.0146289365,0.1633805484,0.0393136516
256,4.0,n^(1/q)*2,8.000000,5,0.0022153719,0.0494466685,0.0051833256
256,4.0,n^(1/q)*2,8.000000,6,0.0000864351,0.0048118611,0.0001945641
256,4.0,n^(1/q)*2,8.000000,7,0.0000002121,0.0000465855,0.0000005172
256,4.0,n^(1/q)*2,8.000000,8,0.0000000076,0.0000001451,0.0000000425
256,4.0,n^(1/q)*2,8.000000,9,0.0000000000,0.0000000000,0.0000000409
256,4.0,max+1,1.000000,0,0.4574086070,0.6353189945,3.9962430000
256,4.0,max+1,1.000000,1,0.2960265279,0.5138069391,1.5373272896
256,4.0,max+1,1.000000,2,0.1384221464,0.3644877672,0.4927845299
256,4.0,max+1,1.000000,3,0.0372714028,0.2027484626,0.1075390354
256,4.0,max+1,1.000000,4,0.0040757107,0.0700103715,0.0110198222
256,4.0,max+1,1.000000,5,0.0001065039,0.0091392659,0.0002930444
256,4.0,max+1,1.000000,6,0.0000003199,0.0001623529,0.0000009244
256,4.0,max+1,1.000000,7,0.0000000101,0.0000001451,0.0000000428
256,4.0,max+1,1.000000,8,0.0000000078,0.0000001329,0.0000000412
256,4.0,max+1,1.000000,9,0.0000000088,0.0000001451,0.0000000408
256,4.0,max+n^(1/2q),2.000000,0,0.1477294564,0.9014103413,0.2784133852
256,4.0,max+n^(1/2q),2.000000,1,0.0536939166,0.3107807040,0.1793356687
256,4.0,max+n^(1/2q),2.000000,2,0.0146289365,0.1633805484,0.0393136516
256,4.0,max+n^(1/2q),2.000000,3,0.0022153719,0.0494466685,0.0051833256
256,4.0,max+n^(1/2q),2.000000,4,0.0000864351,0.0048118611,0.0001945641
256,4.0,max+n^(1/2q),2.000000,5,0.0000002121,0.0000465855,0.0000005172
256,4.0,max+n^(1/2q),2.000000,6,0.0000000076,0.0000001451,0.0000000425
256,4.0,max+n^(1/2q),2.000000,7,0.0000000000,0.0000000000,0.0000000409
256,4.0,max+n^(1/2q),2.000000,8,0.0000000064,0.0000001451,0.0000000407
256,4.0,max+n^(1/2q),2.000000,9,0.0000000000,0.0000000664,0.0000000409
256,8.0,n^(1/q),2.000000,0,0.8820906878,0.9998965263,0.9867966771
256,8.0,n^(1/q),2.000000,1,0.0589546785,0.2627274692,0.6865806580
256,8.0,n^(1/q),2.000000,2,0.0188253913,0.1710325480,0.1666852385
256,8.0,n^(1/q),2.000000,3,0.0032207258,0.0851224363,0.0245302431
256,8.0,n^(1/q),2.000000,4,0.0002039072,0.0247483440,0.0014639497
256,8.0,n^(1/q),2.000000,5,0.0000028684,0.0023529839,0.0000204492
256,8.0,n^(1/q),2.000000,6,0.0000000056,0.0000222361,0.0000002429
256,8.0,n^(1/q),2.000000,7,0.0000000041,0.0000001192,0.0000002084
256,8.0,n^(1/q),2.000000,8,0.0000000000,0.0000000000,0.0000002083
256,8.0,n^(1/q),2.000000,9,0.0000000041,0.0000001192,0.0000002084
256,8.0,eps=0.1,0.100000,0,0.9058954716,0.9262727499,104190640.0000000000
256,8.0,eps=0.1,0.100000,1,0.8940824270,0.9163104892,40630772.0000000000
256,8.0,eps=0.1,0.100000,2,0.8807788491,0.9049538374,15845724.0000000000
256,8.0,eps=0.1,0.100000,3,0.8657943010,0.8920133114,6180233.5000000000
256,8.0,eps=0.1,0.100000,4,0.8489134312,0.8772732615,2410677.7500000000
256,8.0,eps=0.1,0.100000,5,0.8298922777,0.8604878187,940419.5000000000
256,8.0,eps=0.1,0.100000,6,0.8084545135,0.8413760662,366910.5625000000
256,8.0,eps=0.1,0.100000,7,0.7842864990,0.8196166158,143174.0000000000
256,8.0,eps=0.1,0.100000,8,0.7570315599,0.7948417068,55878.4375000000
256,8.0,eps=0.1,0.100000,9,0.7262839079,0.7666773200,21812.8710937500
256,8.0,eps=1.0,1.000000,0,0.0589546785,0.2627274692,0.6865806580
256,8.0,eps=1.0,1.000000,1,0.0188253913,0.1710325480,0.1666852385
256,8.0,eps=1.0,1.000000,2,0.0032207258,0.0851224363,0.0245302431
256,8.0,eps=1.0,1.000000,3,0.0002039072,0.0247483440,0.0014639497
256,8.0,eps=1.0,1.000000,4,0.0000028684,0.0023529839,0.0000204492
256,8.0,eps=1.0,1.000000,5,0.0000000056,0.0000222361,0.0000002429
256,8.0,eps=1.0,1.000000,6,0.0000000041,0.0000001192,0.0000002084
256,8.0,eps=1.0,1.000000,7,0.0000000000,0.0000000000,0.0000002083
256,8.0,eps=1.0,1.000000,8,0.0000000041,0.0000001192,0.0000002084
256,8.0,eps=1.0,1.000000,9,0.0000000000,0.0000000000,0.0000002083
256,8.0,n^(1/q)/2,1.000000,0,0.0589546785,0.2627274692,0.6865806580
256,8.0,n^(1/q)/2,1.000000,1,0.0188253913,0.1710325480,0.1666852385
256,8.0,n^(1/q)/2,1.000000,2,0.0032207258,0.0851224363,0.0245302431
256,8.0,n^(1/q)/2,1.000000,3,0.0002039072,0.0247483440,0.0014639497
256,8.0,n^(1/q)/2,1.000000,4,0.0000028684,0.0023529839,0.0000204492
256,8.0,n^(1/q)/2,1.000000,5,0.0000000056,0.0000222361,0.0000002429
256,8.0,n^(1/q)/2,1.000000,6,0.0000000041,0.0000001192,0.0000002084
256,8.0,n^(1/q)/2,1.000000,7,0.0000000000,0.0000000000,0.0000002083
256,8.0,n^(1/q)/2,1.000000,8,0.0000000041,0.0000001192,0.0000002084
256,8.0,n^(1/q)/2,1.000000,9,0.0000000000,0.0000000000,0.0000002083
256,8.0,n^(1/q)*2,4.000000,0,2.7641811371,2.9997930527,0.9998381138
256,8.0,n^(1/q)*2,4.000000,1,0.8820906878,0.9998965263,0.9867966771
256,8.0,n^(1/q)*2,4.000000,2,0.0589546785,0.2627274692,0.6865806580
256,8.0,n^(1/q)*2,4.000000,3,0.0188253913,0.1710325480,0.1666852385
256,8.0,n^(1/q)*2,4.000000,4,0.0032207258,0.0851224363,0.0245302431
256,8.0,n^(1/q)*2,4.000000,5,0.0002039072,0.0247483440,0.0014639497
256,8.0,n^(1/q)*2,4.000000,6,0.0000028684,0.0023529839,0.0000204492
256,8.0,n^(1/q)*2,4.000000,7,0.0000000056,0.0000222361,0.0000002429
256,8.0,n^(1/q)*2,4.000000,8,0.0000000041,0.0000001192,0.0000002084
256,8.0,n^(1/q)*2,4.000000,9,0.0000000000,0.0000000000,0.0000002083
256,8.0,max+1,1.000000,0,0.0589546785,0.2627274692,0.6865806580
256,8.0,max+1,1.000000,1,0.0188253913,0.1710325480,0.1666852385
256,8.0,max+1,1.000000,2,0.0032207258,0.0851224363,0.0245302431
256,8.0,max+1,1.000000,3,0.0002039072,0.0247483440,0.0014639497
256,8.0,max+1,1.000000,4,0.0000028684,0.0023529839,0.0000204492
256,8.0,max+1,1.000000,5,0.0000000056,0.0000222361,0.0000002429
256,8.0,max+1,1.000000,6,0.0000000041,0.0000001192,0.0000002084
256,8.0,max+1,1.000000,7,0.0000000000,0.0000000000,0.0000002083
256,8.0,max+1,1.000000,8,0.0000000041,0.0000001192,0.0000002084
256,8.0,max+1,1.000000,9,0.0000000000,0.0000000000,0.0000002083
256,8.0,max+n^(1/2q),1.414214,0,0.3308390379,0.4141403735,0.8603398204
256,8.0,max+n^(1/2q),1.414214,1,0.3187276125,0.3837924004,18.4145660400
256,8.0,max+n^(1/2q),1.414214,2,0.2354670912,0.3064804077,6.9722762108
256,8.0,max+n^(1/2q),1.414214,3,0.1498876959,0.2224392444,2.5027363300
256,8.0,max+n^(1/2q),1.414214,4,0.0727231950,0.1363840103,0.7831586599
256,8.0,max+n^(1/2q),1.414214,5,0.0209356565,0.0605921820,0.1727525592
256,8.0,max+n^(1/2q),1.414214,6,0.0022335006,0.0139789516,0.0165897831
256,8.0,max+n^(1/2q),1.414214,7,0.0000415205,0.0008219368,0.0003023788
256,8.0,max+n^(1/2q),1.414214,8,0.0000000410,0.0000029088,0.0000004345
256,8.0,max+n^(1/2q),1.414214,9,0.0000000031,0.0000001192,0.0000002089
1024,1.0,n^(1/q),1024.000000,0,0.0031684537,0.0056645451,0.0031481106
1024,1.0,n^(1/q),1024.000000,1,0.0000101883,0.0000318893,0.0000101677
1024,1.0,n^(1/q),1024.000000,2,0.0000000211,0.0000002392,0.0000000263
1024,1.0,n^(1/q),1024.000000,3,0.0000000089,0.0000001796,0.0000000090
1024,1.0,n^(1/q),1024.000000,4,0.0000000011,0.0000001197,0.0000000068
1024,1.0,n^(1/q),1024.000000,5,0.0000000057,0.0000001199,0.0000000066
1024,1.0,n^(1/q),1024.000000,6,0.0000000009,0.0000001198,0.0000000068
1024,1.0,n^(1/q),1024.000000,7,0.0000000068,0.0000001199,0.0000000068
1024,1.0,n^(1/q),1024.000000,8,0.0000000000,0.0000000598,0.0000000066
1024,1.0,n^(1/q),1024.000000,9,0.0000000066,0.0000001199,0.0000000068
1024,1.0,eps=0.1,0.100000,0,0.9999018908,0.9999021888,366.7888488770
1024,1.0,eps=0.1,0.100000,1,0.9985846877,0.9992956519,233.7120513916
1024,1.0,eps=0.1,0.100000,2,0.9945260286,0.9971894622,118.7930984497
1024,1.0,eps=0.1,0.100000,3,0.9861877561,0.9926463962,59.3701400757
1024,1.0,eps=0.1,0.100000,4,0.9696104527,0.9834853411,29.4641151428
1024,1.0,eps=0.1,0.100000,5,0.9372487068,0.9653520584,14.4896936417
1024,1.0,eps=0.1,0.100000,6,0.8757605553,0.9300519824,7.0037784576
1024,1.0,eps=0.1,0.100000,7,0.7648051977,0.8632628918,3.2689170837
1024,1.0,eps=0.1,0.100000,8,0.5838728547,0.7437231541,1.4182418585
1024,1.0,eps=0.1,0.100000,9,0.3416579962,0.5520086884,0.5253986120
1024,1.0,eps=1.0,1.000000,0,0.9990203381,0.9990217090,260.6209716797
1024,1.0,eps=1.0,1.000000,1,0.9954816103,0.9966621399,133.3805541992
1024,1.0,eps=1.0,1.000000,2,0.9881128669,0.9917620420,66.7541961670
1024,1.0,eps=1.0,1.000000,3,0.9734110832,0.9819476604,33.1664466858
1024,1.0,eps=1.0,1.000000,4,0.9446085691,0.9625679255,16.3416786194
1024,1.0,eps=1.0,1.000000,5,0.8895386457,0.9249287844,7.9289579391
1024,1.0,eps=1.0,1.000000,6,0.7889429331,0.8539992571,3.7295765877
1024,1.0,eps=1.0,1.000000,7,0.6209380627,0.7280371785,1.6447229385
1024,1.0,eps=1.0,1.000000,8,0.3854865432,0.5291082263,0.6313322783
1024,1.0,eps=1.0,1.000000,9,0.1498309523,0.2794640958,0.1771863699
1024,1.0,n^(1/q)/2,512.000000,0,0.4984157681,0.4991196990,0.9874515533
1024,1.0,n^(1/q)/2,512.000000,1,0.2476347983,0.2486830205,0.3277627826
1024,1.0,n^(1/q)/2,512.000000,2,0.0611296445,0.0617345758,0.0648910403
1024,1.0,n^(1/q)/2,512.000000,3,0.0037250742,0.0038043961,0.0037271767
1024,1.0,n^(1/q)/2,512.000000,4,0.0000138209,0.0000144555,0.0000137903
1024,1.0,n^(1/q)/2,512.000000,5,0.0000000471,0.0000001796,0.0000000273
1024,1.0,n^(1/q)/2,512.000000,6,0.0000000312,0.0000001796,0.0000000090
1024,1.0,n^(1/q)/2,512.000000,7,0.0000000284,0.0000001796,0.0000000068
1024,1.0,n^(1/q)/2,512.000000,8,0.0000000288,0.0000001796,0.0000000066
1024,1.0,n^(1/q)/2,512.000000,9,0.0000000284,0.0000001796,0.0000000069
1024,1.0,n^(1/q)*2,2048.000000,0,1.0063369274,1.0113290548,0.5007884502
1024,1.0,n^(1/q)*2,2048.000000,1,0.0031684537,0.0056645451,0.0031481106
1024,1.0,n^(1/q)*2,2048.000000,2,0.0000101883,0.0000318893,0.0000101677
1024,1.0,n^(1/q)*2,2048.000000,3,0.0000000211,0.0000002392,0.0000000263
1024,1.0,n^(1/q)*2,2048.000000,4,0.0000000089,0.0000001796,0.0000000090
1024,1.0,n^(1/q)*2,2048.000000,5,0.0000000011,0.0000001197,0.0000000068
1024,1.0,n^(1/q)*2,2048.000000,6,0.0000000057,0.0000001199,0.0000000066
1024,1.0,n^(1/q)*2,2048.000000,7,0.0000000009,0.0000001198,0.0000000068
1024,1.0,n^(1/q)*2,2048.000000,8,0.0000000068,0.0000001199,0.0000000068
1024,1.0,n^(1/q)*2,2048.000000,9,0.0000000000,0.0000000598,0.0000000066
1024,1.0,max+1,1.000000,0,0.9990203381,0.9990217090,260.6209716797
1024,1.0,max+1,1.000000,1,0.9954816103,0.9966621399,133.3805541992
1024,1.0,max+1,1.000000,2,0.9881128669,0.9917620420,66.7541961670
1024,1.0,max+1,1.000000,3,0.9734110832,0.9819476604,33.1664466858
1024,1.0,max+1,1.000000,4,0.9446085691,0.9625679255,16.3416786194
1024,1.0,max+1,1.000000,5,0.8895386457,0.9249287844,7.9289579391
1024,1.0,max+1,1.000000,6,0.7889429331,0.8539992571,3.7295765877
1024,1.0,max+1,1.000000,7,0.6209380627,0.7280371785,1.6447229385
1024,1.0,max+1,1.000000,8,0.3854865432,0.5291082263,0.6313322783
1024,1.0,max+1,1.000000,9,0.1498309523,0.2794640958,0.1771863699
1024,1.0,max+n^(1/2q),32.000000,0,0.9686509967,0.9686949849,28.0899887085
1024,1.0,max+n^(1/2q),32.000000,1,0.9353731275,0.9367449284,13.8022365570
1024,1.0,max+n^(1/2q),32.000000,2,0.8721846342,0.8759604096,6.6602301598
1024,1.0,max+n^(1/2q),32.000000,3,0.7583169937,0.7659631371,3.0976245403
1024,1.0,max+n^(1/2q),32.000000,4,0.5732402802,0.5856705904,1.3335698843
1024,1.0,max+n^(1/2q),32.000000,5,0.3275849223,0.3424079418,0.4849691093
1024,1.0,max+n^(1/2q),32.000000,6,0.1069952995,0.1170372963,0.1194061786
1024,1.0,max+n^(1/2q),32.000000,7,0.0114211775,0.0136736147,0.0115169641
1024,1.0,max+n^(1/2q),32.000000,8,0.0001304380,0.0001865925,0.0001300626
1024,1.0,max+n^(1/2q),32.000000,9,0.0000000539,0.0000002395,0.0000000402
1024,2.0,n^(1/q),32.000000,0,0.1107927561,0.2172468603,0.1726527065
1024,2.0,n^(1/q),32.000000,1,0.0175248682,0.0618123002,0.0322864950
1024,2.0,n^(1/q),32.000000,2,0.0004487874,0.0046456773,0.0008023293
1024,2.0,n^(1/q),32.000000,3,0.0000003866,0.0000266272,0.0000006833
1024,2.0,n^(1/q),32.000000,4,0.0000000045,0.0000000714,0.0000000245
1024,2.0,n^(1/q),32.000000,5,0.0000000027,0.0000001310,0.0000000172
1024,2.0,n^(1/q),32.000000,6,0.0000000000,0.0000000000,0.0000000172
1024,2.0,n^(1/q),32.000000,7,0.0000000027,0.0000001310,0.0000000172
1024,2.0,n^(1/q),32.000000,8,0.0000000000,0.0000000000,0.0000000172
1024,2.0,n^(1/q),32.000000,9,0.0000000027,0.0000001310,0.0000000172
1024,2.0,eps=0.1,0.100000,0,0.9965287447,0.9966793656,283.1534118652
1024,2.0,eps=0.1,0.100000,1,0.9927167892,0.9939981103,167.7273406982
1024,2.0,eps=0.1,0.100000,2,0.9792978764,0.9883735776,98.8482208252
1024,2.0,eps=0.1,0.100000,3,0.9395278096,0.9728986025,48.5668220520
1024,2.0,eps=0.1,0.100000,4,0.8680094481,0.9331198335,21.8986129761
1024,2.0,eps=0.1,0.100000,5,0.7593216896,0.8682281375,9.5708370209
1024,2.0,eps=0.1,0.100000,6,0.6054277420,0.7690691948,4.0265169144
1024,2.0,eps=0.1,0.100000,7,0.4082417488,0.6266788840,1.5674111843
1024,2.0,eps=0.1,0.100000,8,0.2009124756,0.4409869611,0.5105172992
1024,2.0,eps=0.1,0.100000,9,0.0544430017,0.2358171046,0.1093007922
1024,2.0,eps=1.0,1.000000,0,0.9652876854,0.9667940140,73.2555694580
1024,2.0,eps=1.0,1.000000,1,0.9107567668,0.9305252433,33.9358329773
1024,2.0,eps=1.0,1.000000,2,0.8231431246,0.8724154830,15.0541400909
1024,2.0,eps=1.0,1.000000,3,0.6944683790,0.7843933702,6.4814233780
1024,2.0,eps=1.0,1.000000,4,0.5193104744,0.6569703221,2.6512043476
1024,2.0,eps=1.0,1.000000,5,0.3109986484,0.4846685827,0.9689638615
1024,2.0,eps=1.0,1.000000,6,0.1223011389,0.2814832032,0.2720596492
1024,2.0,eps=1.0,1.000000,7,0.0216749795,0.1020164788,0.0411561728
1024,2.0,eps=1.0,1.000000,8,0.0008880620,0.0142220501,0.0016300580
1024,2.0,eps=1.0,1.000000,9,0.0000028103,0.0002842773,0.0000051819
1024,2.0,n^(1/q)/2,16.000000,0,0.4446036220,0.4687042534,1.7956869602
1024,2.0,n^(1/q)/2,16.000000,1,0.2323476672,0.2649551034,0.6026716232
1024,2.0,n^(1/q)/2,16.000000,2,0.0682466030,0.0909824893,0.1359179318
1024,2.0,n^(1/q)/2,16.000000,3,0.0062604882,0.0113647757,0.0114298649
1024,2.0,n^(1/q)/2,16.000000,4,0.0000557050,0.0001817726,0.0001011000
1024,2.0,n^(1/q)/2,16.000000,5,0.0000000259,0.0000001394,0.0000000393
1024,2.0,n^(1/q)/2,16.000000,6,0.0000000128,0.0000001325,0.0000000171
1024,2.0,n^(1/q)/2,16.000000,7,0.0000000124,0.0000001325,0.0000000166
1024,2.0,n^(1/q)/2,16.000000,8,0.0000000125,0.0000001325,0.0000000166
1024,2.0,n^(1/q)/2,16.000000,9,0.0000000124,0.0000001325,0.0000000166
1024,2.0,n^(1/q)*2,64.000000,0,1.2215855122,1.4344936609,0.7732765675
1024,2.0,n^(1/q)*2,64.000000,1,0.1107927561,0.2172468603,0.1726527065
1024,2.0,n^(1/q)*2,64.000000,2,0.0175248682,0.0618123002,0.0322864950
1024,2.0,n^(1/q)*2,64.000000,3,0.0004487874,0.0046456773,0.0008023293
1024,2.0,n^(1/q)*2,64.000000,4,0.0000003866,0.0000266272,0.0000006833
1024,2.0,n^(1/q)*2,64.000000,5,0.0000000045,0.0000000714,0.0000000245
1024,2.0,n^(1/q)*2,64.000000,6,0.0000000027,0.0000001310,0.0000000172
1024,2.0,n^(1/q)*2,64.000000,7,0.0000000000,0.0000000000,0.0000000172
1024,2.0,n^(1/q)*2,64.000000,8,0.0000000027,0.0000001310,0.0000000172
1024,2.0,n^(1/q)*2,64.000000,9,0.0000000000,0.0000000000,0.0000000172
1024,2.0,max+1,1.000000,0,0.9652876854,0.9667940140,73.2555694580
1024,2.0,max+1,1.000000,1,0.9107567668,0.9305252433,33.9358329773
1024,2.0,max+1,1.000000,2,0.8231431246,0.8724154830,15.0541400909
1024,2.0,max+1,1.000000,3,0.6944683790,0.7843933702,6.4814233780
1024,2.0,max+1,1.000000,4,0.5193104744,0.6569703221,2.6512043476
1024,2.0,max+1,1.000000,5,0.3109986484,0.4846685827,0.9689638615
1024,2.0,max+1,1.000000,6,0.1223011389,0.2814832032,0.2720596492
1024,2.0,max+1,1.000000,7,0.0216749795,0.1020164788,0.0411561728
1024,2.0,max+1,1.000000,8,0.0008880620,0.0142220501,0.0016300580
1024,2.0,max+1,1.000000,9,0.0000028103,0.0002842773,0.0000051819
1024,2.0,max+n^(1/2q),5.656854,0,0.8036377430,0.8121585846,12.5832633972
1024,2.0,max+n^(1/2q),5.656854,1,0.6665065289,0.6962196827,5.3721389771
1024,2.0,max+n^(1/2q),5.656854,2,0.4825465679,0.5361055732,2.1589283943
1024,2.0,max+n^(1/2q),5.656854,3,0.2704555988,0.3380988836,0.7563292980
1024,2.0,max+n^(1/2q),5.656854,4,0.0917588323,0.1444564313,0.1901012063
1024,2.0,max+n^(1/2q),5.656854,5,0.0114351362,0.0281563178,0.0210926905
1024,2.0,max+n^(1/2q),5.656854,6,0.0001973924,0.0011103960,0.0003593663
1024,2.0,max+n^(1/2q),5.656854,7,0.0000000827,0.0000017747,0.0000001479
1024,2.0,max+n^(1/2q),5.656854,8,0.0000000147,0.0000001321,0.0000000201
1024,2.0,max+n^(1/2q),5.656854,9,0.0000000126,0.0000001321,0.0000000164
1024,4.0,n^(1/q),5.656854,0,0.9931031466,3.5524995327,0.8081771135
1024,4.0,n^(1/q),5.656854,1,0.1105066240,1.2762496471,0.2574242353
1024,4.0,n^(1/q),5.656854,2,0.0265019909,0.2777061760,0.0642285496
1024,4.0,n^(1/q),5.656854,3,0.0033106012,0.1093663350,0.0067023141
1024,4.0,n^(1/q),5.656854,4,0.0001736588,0.0171353240,0.0003053917
1024,4.0,n^(1/q),5.656854,5,0.0000014284,0.0004206578,0.0000024449
1024,4.0,n^(1/q),5.656854,6,0.0000000008,0.0000002463,0.0000000342
1024,4.0,n^(1/q),5.656854,7,0.0000000147,0.0000001710,0.0000000331
1024,4.0,n^(1/q),5.656854,8,0.0000000000,0.0000000000,0.0000000330
1024,4.0,n^(1/q),5.656854,9,0.0000000147,0.0000001710,0.0000000331
1024,4.0,eps=0.1,0.100000,0,0.9647666216,0.9747322202,11324.6894531250
1024,4.0,eps=0.1,0.100000,1,0.9556895494,0.9673680067,4680.0522460938
1024,4.0,eps=0.1,0.100000,2,0.9441325068,0.9581198692,1941.8002929688
1024,4.0,eps=0.1,0.100000,3,0.9292820692,0.9462206960,810.7871093750
1024,4.0,eps=0.1,0.100000,4,0.9099130630,0.9294632077,341.9248657227
1024,4.0,eps=0.1,0.100000,5,0.8840407729,0.9093016386,146.3630371094
1024,4.0,eps=0.1,0.100000,6,0.8482056856,0.8829906583,63.9118347168
1024,4.0,eps=0.1,0.100000,7,0.7961193323,0.8452045918,28.4804897308
1024,4.0,eps=0.1,0.100000,8,0.7168502808,0.7873079777,12.7822360992
1024,4.0,eps=0.1,0.100000,9,0.5954743624,0.6969683766,5.5836834908
1024,4.0,eps=1.0,1.000000,0,0.6476658583,0.7473218441,8.5988845825
1024,4.0,eps=1.0,1.000000,1,0.4928336143,0.6446557045,3.6067407131
1024,4.0,eps=1.0,1.000000,2,0.3006930947,0.5083999038,1.3453818560
1024,4.0,eps=1.0,1.000000,3,0.1263048351,0.3436468840,0.4021330774
1024,4.0,eps=1.0,1.000000,4,0.0283244923,0.1747074872,0.0761095881
1024,4.0,eps=1.0,1.000000,5,0.0022622645,0.0505836010,0.0058666058
1024,4.0,eps=1.0,1.000000,6,0.0000348379,0.0046155909,0.0000930037
1024,4.0,eps=1.0,1.000000,7,0.0000000547,0.0000396400,0.0000001516
1024,4.0,eps=1.0,1.000000,8,0.0000000093,0.0000001324,0.0000000339
1024,4.0,eps=1.0,1.000000,9,0.0000000087,0.0000001353,0.0000000331
1024,4.0,n^(1/q)/2,2.828427,0,0.1105066240,1.2762496471,0.2574242353
1024,4.0,n^(1/q)/2,2.828427,1,0.0265019909,0.2777061760,0.0642285496
1024,4.0,n^(1/q)/2,2.828427,2,0.0033106012,0.1093663350,0.0067023141
1024,4.0,n^(1/q)/2,2.828427,3,0.0001736588,0.0171353240,0.0003053917
1024,4.0,n^(1/q)/2,2.828427,4,0.0000014284,0.0004206578,0.0000024449
1024,4.0,n^(1/q)/2,2.828427,5,0.0000000008,0.0000002463,0.0000000342
1024,4.0,n^(1/q)/2,2.828427,6,0.0000000147,0.0000001710,0.0000000331
1024,4.0,n^(1/q)/2,2.828427,7,0.0000000000,0.0000000000,0.0000000330
1024,4.0,n^(1/q)/2,2.828427,8,0.0000000147,0.0000001710,0.0000000331
1024,4.0,n^(1/q)/2,2.828427,9,0.0000000000,0.0000000605,0.0000000330
1024,4.0,n^(1/q)*2,11.313708,0,2.9862062931,8.1049985886,0.9758219123
1024,4.0,n^(1/q)*2,11.313708,1,0.9931031466,3.5524995327,0.8081771135
1024,4.0,n^(1/q)*2,11.313708,2,0.1105066240,1.2762496471,0.2574242353
1024,4.0,n^(1/q)*2,11.313708,3,0.0265019909,0.2777061760,0.0642285496
1024,4.0,n^(1/q)*2,11.313708,4,0.0033106012,0.1093663350,0.0067023141
1024,4.0,n^(1/q)*2,11.313708,5,0.0001736588,0.0171353240,0.0003053917
1024,4.0,n^(1/q)*2,11.313708,6,0.0000014284,0.0004206578,0.0000024449
1024,4.0,n^(1/q)*2,11.313708,7,0.0000000008,0.0000002463,0.0000000342
1024,4.0,n^(1/q)*2,11.313708,8,0.0000000147,0.0000001710,0.0000000331
1024,4.0,n^(1/q)*2,11.313708,9,0.0000000000,0.0000000000,0.0000000330
1024,4.0,max+1,1.000000,0,0.6476658583,0.7473218441,8.5988845825
1024,4.0,max+1,1.000000,1,0.4928336143,0.6446557045,3.6067407131
1024,4.0,max+1,1.000000,2,0.3006930947,0.5083999038,1.3453818560
1024,4.0,max+1,1.000000,3,0.1263048351,0.3436468840,0.4021330774
1024,4.0,max+1,1.000000,4,0.0283244923,0.1747074872,0.0761095881
1024,4.0,max+1,1.000000,5,0.0022622645,0.0505836010,0.0058666058
1024,4.0,max+1,1.000000,6,0.0000348379,0.0046155909,0.0000930037
1024,4.0,max+1,1.000000,7,0.0000000547,0.0000396400,0.0000001516
1024,4.0,max+1,1.000000,8,0.0000000093,0.0000001324,0.0000000339
1024,4.0,max+1,1.000000,9,0.0000000087,0.0000001353,0.0000000331
1024,4.0,max+n^(1/2q),2.378414,0,0.1855738461,0.9140901566,0.6615028381
1024,4.0,max+n^(1/2q),2.378414,1,0.0578336418,0.2754980028,0.1640991569
1024,4.0,max+n^(1/2q),2.378414,2,0.0081062643,0.1114763543,0.0207010880
1024,4.0,max+n^(1/2q),2.378414,3,0.0003062800,0.0185778141,0.0007550371
1024,4.0,max+n^(1/2q),2.378414,4,0.0000016080,0.0005122828,0.0000035964
1024,4.0,max+n^(1/2q),2.378414,5,0.0000000126,0.0000004313,0.0000000386
1024,4.0,max+n^(1/2q),2.378414,6,0.0000000082,0.0000001305,0.0000000331
1024,4.0,max+n^(1/2q),2.378414,7,0.0000000095,0.0000001598,0.0000000331
1024,4.0,max+n^(1/2q),2.378414,8,0.0000000082,0.0000001305,0.0000000330
1024,4.0,max+n^(1/2q),2.378414,9,0.0000000095,0.0000001598,0.0000000331
1024,8.0,n^(1/q),2.378414,0,1.1959331036,1.3781510592,0.9928196669
1024,8.0,n^(1/q),2.378414,1,0.1039717793,0.1890755296,0.4731600285
1024,8.0,n^(1/q),2.378414,2,0.0835035741,0.2561687529,1.5923349857
1024,8.0,n^(1/q),2.378414,3,0.0387202278,0.1719006300,0.5063868761
1024,8.0,n^(1/q),2.378414,4,0.0132438447,0.0912754908,0.1307978332
1024,8.0,n^(1/q),2.378414,5,0.0026204104,0.0305030569,0.0219056271
1024,8.0,n^(1/q),2.378414,6,0.0001801600,0.0039017652,0.0014239327
1024,8.0,n^(1/q),2.378414,7,0.0000015342,0.0000678226,0.0000122378
1024,8.0,n^(1/q),2.378414,8,0.0000000006,0.0000001192,0.0000001960
1024,8.0,n^(1/q),2.378414,9,0.0000000041,0.0000001192,0.0000001954
1024,8.0,eps=0.1,0.100000,0,0.9076723456,0.9283307791,104992488.0000000000
1024,8.0,eps=0.1,0.100000,1,0.8960747719,0.9187505841,40947612.0000000000
1024,8.0,eps=0.1,0.100000,2,0.8830113411,0.9078853726,15971132.0000000000
1024,8.0,eps=0.1,0.100000,3,0.8682941198,0.8955604434,6229969.0000000000
1024,8.0,eps=0.1,0.100000,4,0.8517104387,0.8815761209,2430448.5000000000
1024,8.0,eps=0.1,0.100000,5,0.8330188990,0.8657045364,948300.7500000000
1024,8.0,eps=0.1,0.100000,6,0.8119453788,0.8477984071,370062.9375000000
1024,8.0,eps=0.1,0.100000,7,0.7881782651,0.8278073072,144440.1250000000
1024,8.0,eps=0.1,0.100000,8,0.7613624334,0.8050637245,56389.5156250000
1024,8.0,eps=0.1,0.100000,9,0.7310920954,0.7792198062,22020.4199218750
1024,8.0,eps=1.0,1.000000,0,0.0767237842,0.2833077013,0.9388338327
1024,8.0,eps=1.0,1.000000,1,0.0277990848,0.1924469769,0.2492439002
1024,8.0,eps=1.0,1.000000,2,0.0057979641,0.1037592366,0.0432790816
1024,8.0,eps=1.0,1.000000,3,0.0005005616,0.0354380682,0.0034461925
1024,8.0,eps=1.0,1.000000,4,0.0000105836,0.0047060922,0.0000714436
1024,8.0,eps=1.0,1.000000,5,0.0000000275,0.0000879995,0.0000003487
1024,8.0,eps=1.0,1.000000,6,0.0000000033,0.0000001192,0.0000001954
1024,8.0,eps=1.0,1.000000,7,0.0000000034,0.0000001192,0.0000001953
1024,8.0,eps=1.0,1.000000,8,0.0000000032,0.0000001192,0.0000001954
1024,8.0,eps=1.0,1.000000,9,0.0000000034,0.0000001192,0.0000001953
1024,8.0,n^(1/q)/2,1.189207,0,0.1039717793,0.1890755296,0.4731600285
1024,8.0,n^(1/q)/2,1.189207,1,0.0835035741,0.2561687529,1.5923349857
1024,8.0,n^(1/q)/2,1.189207,2,0.0387202278,0.1719006300,0.5063868761
1024,8.0,n^(1/q)/2,1.189207,3,0.0132438447,0.0912754908,0.1307978332
1024,8.0,n^(1/q)/2,1.189207,4,0.0026204104,0.0305030569,0.0219056271
1024,8.0,n^(1/q)/2,1.189207,5,0.0001801600,0.0039017652,0.0014239327
1024,8.0,n^(1/q)/2,1.189207,6,0.0000015342,0.0000678226,0.0000122378
1024,8.0,n^(1/q)/2,1.189207,7,0.0000000006,0.0000001192,0.0000001960
1024,8.0,n^(1/q)/2,1.189207,8,0.0000000041,0.0000001192,0.0000001954
1024,8.0,n^(1/q)/2,1.189207,9,0.0000000000,0.0000000000,0.0000001953
1024,8.0,n^(1/q)*2,4.756828,0,3.3918662071,3.7563021183,0.9998680949
1024,8.0,n^(1/q)*2,4.756828,1,1.1959331036,1.3781510592,0.9928196669
1024,8.0,n^(1/q)*2,4.756828,2,0.1039717793,0.1890755296,0.4731600285
1024,8.0,n^(1/q)*2,4.756828,3,0.0835035741,0.2561687529,1.5923349857
1024,8.0,n^(1/q)*2,4.756828,4,0.0387202278,0.1719006300,0.5063868761
1024,8.0,n^(1/q)*2,4.756828,5,0.0132438447,0.0912754908,0.1307978332
1024,8.0,n^(1/q)*2,4.756828,6,0.0026204104,0.0305030569,0.0219056271
1024,8.0,n^(1/q)*2,4.756828,7,0.0001801600,0.0039017652,0.0014239327
1024,8.0,n^(1/q)*2,4.756828,8,0.0000015342,0.0000678226,0.0000122378
1024,8.0,n^(1/q)*2,4.756828,9,0.0000000006,0.0000001192,0.0000001960
1024,8.0,max+1,1.000000,0,0.0767237842,0.2833077013,0.9388338327
1024,8.0,max+1,1.000000,1,0.0277990848,0.1924469769,0.2492439002
1024,8.0,max+1,1.000000,2,0.0057979641,0.1037592366,0.0432790816
1024,8.0,max+1,1.000000,3,0.0005005616,0.0354380682,0.0034461925
1024,8.0,max+1,1.000000,4,0.0000105836,0.0047060922,0.0000714436
1024,8.0,max+1,1.000000,5,0.0000000275,0.0000879995,0.0000003487
1024,8.0,max+1,1.000000,6,0.0000000033,0.0000001192,0.0000001954
1024,8.0,max+1,1.000000,7,0.0000000034,0.0000001192,0.0000001953
1024,8.0,max+1,1.000000,8,0.0000000032,0.0000001192,0.0000001954
1024,8.0,max+1,1.000000,9,0.0000000034,0.0000001192,0.0000001953
1024,8.0,max+n^(1/2q),1.542211,0,0.4238865972,0.5420402288,0.8978140950
1024,8.0,max+n^(1/2q),1.542211,1,0.2846887410,0.3815496266,11.2337188721
1024,8.0,max+n^(1/2q),1.542211,2,0.1978261620,0.3011803627,4.1810817719
1024,8.0,max+n^(1/2q),1.542211,3,0.1122542471,0.2137928605,1.4282902479
1024,8.0,max+n^(1/2q),1.542211,4,0.0438870415,0.1254289001,0.3928043842
1024,8.0,max+n^(1/2q),1.542211,5,0.0087919058,0.0508737378,0.0652472079
1024,8.0,max+n^(1/2q),1.542211,6,0.0005830148,0.0096817082,0.0040378598
1024,8.0,max+n^(1/2q),1.542211,7,0.0000060296,0.0003809084,0.0000415066
1024,8.0,max+n^(1/2q),1.542211,8,0.0000000069,0.0000005786,0.0000002059
1024,8.0,max+n^(1/2q),1.542211,9,0.0000000033,0.0000001191,0.0000001956
4096,1.0,n^(1/q),4096.000000,0,0.0008831108,0.0016744711,0.0008815200
4096,1.0,n^(1/q),4096.000000,1,0.0000007821,0.0000028061,0.0000007940
4096,1.0,n^(1/q),4096.000000,2,0.0000000229,0.0000002387,0.0000000288
4096,1.0,n^(1/q),4096.000000,3,0.0000000092,0.0000002387,0.0000000093
4096,1.0,n^(1/q),4096.000000,4,0.0000000011,0.0000002386,0.0000000069
4096,1.0,n^(1/q),4096.000000,5,0.0000000058,0.0000002387,0.0000000067
4096,1.0,n^(1/q),4096.000000,6,0.0000000010,0.0000002386,0.0000000069
4096,1.0,n^(1/q),4096.000000,7,0.0000000069,0.0000002387,0.0000000069
4096,1.0,n^(1/q),4096.000000,8,0.0000000000,0.0000001790,0.0000000067
4096,1.0,n^(1/q),4096.000000,9,0.0000000067,0.0000002387,0.0000000069
4096,1.0,eps=0.1,0.100000,0,0.9999755621,0.9999755621,1245.4570312500
4096,1.0,eps=0.1,0.100000,1,0.9994242191,0.9996924400,717.9090576172
4096,1.0,eps=0.1,0.100000,2,0.9980582595,0.9989184141,362.0556030273
4096,1.0,eps=0.1,0.100000,3,0.9952846766,0.9973405600,181.1528015137
4096,1.0,eps=0.1,0.100000,4,0.9897394776,0.9941995144,90.3729553223
4096,1.0,eps=0.1,0.100000,5,0.9787324667,0.9879465699,44.9436111450
4096,1.0,eps=0.1,0.100000,6,0.9570854306,0.9755544066,22.2253227234
4096,1.0,eps=0.1,0.100000,7,0.9152378440,0.9512325525,10.8683490753
4096,1.0,eps=0.1,0.100000,8,0.8370357752,0.9043920040,5.1953687668
4096,1.0,eps=0.1,0.100000,9,0.7003890276,0.8175165057,2.3700032234
4096,1.0,eps=1.0,1.000000,0,0.9997556210,0.9997557402,945.8972167969
4096,1.0,eps=1.0,1.000000,1,0.9987595081,0.9990929365,481.8169555664
4096,1.0,eps=1.0,1.000000,2,0.9966988564,0.9977252483,241.5525512695
4096,1.0,eps=1.0,1.000000,3,0.9925608635,0.9949764609,120.6340942383
4096,1.0,eps=1.0,1.000000,4,0.9843225479,0.9894924164,60.0814285278
4096,1.0,eps=1.0,1.000000,5,0.9680459499,0.9786103368,29.7944755554
4096,1.0,eps=1.0,1.000000,6,0.9363008738,0.9572016001,14.6516208649
4096,1.0,eps=1.0,1.000000,7,0.8759298921,0.9157780409,7.0841751099
4096,1.0,eps=1.0,1.000000,8,0.7667248845,0.8382306099,3.3087463379
4096,1.0,eps=1.0,1.000000,9,0.5877983570,0.7022795677,1.4375323057
4096,1.0,n^(1/q)/2,2048.000000,0,0.4995584488,0.4997499287,0.9964773059
4096,1.0,n^(1/q)/2,2048.000000,1,0.2493385077,0.2496251166,0.3317681849
4096,1.0,n^(1/q)/2,2048.000000,2,0.0621148571,0.0622815713,0.0661663637
4096,1.0,n^(1/q)/2,2048.000000,3,0.0038548466,0.0038770745,0.0038663466
4096,1.0,n^(1/q)/2,2048.000000,4,0.0000148377,0.0000151502,0.0000148342
4096,1.0,n^(1/q)/2,2048.000000,5,0.0000000493,0.0000002387,0.0000000324
4096,1.0,n^(1/q)/2,2048.000000,6,0.0000000317,0.0000002386,0.0000000096
4096,1.0,n^(1/q)/2,2048.000000,7,0.0000000283,0.0000002387,0.0000000068
4096,1.0,n^(1/q)/2,2048.000000,8,0.0000000288,0.0000002386,0.0000000067
4096,1.0,n^(1/q)/2,2048.000000,9,0.0000000283,0.0000001790,0.0000000068
4096,1.0,n^(1/q)*2,8192.000000,0,1.0017662048,1.0033489466,0.5002204776
4096,1.0,n^(1/q)*2,8192.000000,1,0.0008831108,0.0016744711,0.0008815200
4096,1.0,n^(1/q)*2,8192.000000,2,0.0000007821,0.0000028061,0.0000007940
4096,1.0,n^(1/q)*2,8192.000000,3,0.0000000229,0.0000002387,0.0000000288
4096,1.0,n^(1/q)*2,8192.000000,4,0.0000000092,0.0000002387,0.0000000093
4096,1.0,n^(1/q)*2,8192.000000,5,0.0000000011,0.0000002386,0.0000000069
4096,1.0,n^(1/q)*2,8192.000000,6,0.0000000058,0.0000002387,0.0000000067
4096,1.0,n^(1/q)*2,8192.000000,7,0.0000000010,0.0000002386,0.0000000069
4096,1.0,n^(1/q)*2,8192.000000,8,0.0000000069,0.0000002387,0.0000000069
4096,1.0,n^(1/q)*2,8192.000000,9,0.0000000000,0.0000001790,0.0000000067
4096,1.0,max+1,1.000000,0,0.9997556210,0.9997557402,945.8972167969
4096,1.0,max+1,1.000000,1,0.9987595081,0.9990929365,481.8169555664
4096,1.0,max+1,1.000000,2,0.9966988564,0.9977252483,241.5525512695
4096,1.0,max+1,1.000000,3,0.9925608635,0.9949764609,120.6340942383
4096,1.0,max+1,1.000000,4,0.9843225479,0.9894924164,60.0814285278
4096,1.0,max+1,1.000000,5,0.9680459499,0.9786103368,29.7944755554
4096,1.0,max+1,1.000000,6,0.9363008738,0.9572016001,14.6516208649
4096,1.0,max+1,1.000000,7,0.8759298921,0.9157780409,7.0841751099
4096,1.0,max+1,1.000000,8,0.7667248845,0.8382306099,3.3087463379
4096,1.0,max+1,1.000000,9,0.5877983570,0.7022795677,1.4375323057
4096,1.0,max+n^(1/2q),64.000000,0,0.9843611717,0.9843671918,59.5949478149
4096,1.0,max+n^(1/2q),64.000000,1,0.9681190252,0.9684974551,29.5511951447
4096,1.0,max+n^(1/2q),64.000000,2,0.9364309311,0.9375198483,14.5299654007
4096,1.0,max+n^(1/2q),64.000000,3,0.8761310577,0.8785047531,7.0233268738
4096,1.0,max+n^(1/2q),64.000000,4,0.7669296861,0.7713850737,3.2782826424
4096,1.0,max+n^(1/2q),64.000000,5,0.5876643062,0.5947375298,1.4222271442
4096,1.0,max+n^(1/2q),64.000000,6,0.3450491428,0.3535360098,0.5261451006
4096,1.0,max+n^(1/2q),64.000000,7,0.1189599782,0.1249252409,0.1348914951
4096,1.0,max+n^(1/2q),64.000000,8,0.0141418763,0.0155984657,0.0143321250
4096,1.0,max+n^(1/2q),64.000000,9,0.0001999696,0.0002432489,0.0001998468
4096,2.0,n^(1/q),64.000000,0,0.0594930276,0.1132719964,0.1033330560
4096,2.0,n^(1/q),64.000000,1,0.0051911455,0.0178884994,0.0098613780
4096,2.0,n^(1/q),64.000000,2,0.0000406578,0.0004291918,0.0000764751
4096,2.0,n^(1/q),64.000000,3,0.0000000152,0.0000001991,0.0000000414
4096,2.0,n^(1/q),64.000000,4,0.0000000002,0.0000000655,0.0000000191
4096,2.0,n^(1/q),64.000000,5,0.0000000026,0.0000001273,0.0000000187
4096,2.0,n^(1/q),64.000000,6,0.0000000000,0.0000000000,0.0000000187
4096,2.0,n^(1/q),64.000000,7,0.0000000026,0.0000001273,0.0000000187
4096,2.0,n^(1/q),64.000000,8,0.0000000000,0.0000000000,0.0000000187
4096,2.0,n^(1/q),64.000000,9,0.0000000026,0.0000001273,0.0000000187
4096,2.0,eps=0.1,0.100000,0,0.9983445406,0.9983858466,572.1694946289
4096,2.0,eps=0.1,0.100000,1,0.9949909449,0.9966887236,384.5717773438
4096,2.0,eps=0.1,0.100000,2,0.9785848260,0.9914306998,204.1016082764
4096,2.0,eps=0.1,0.100000,3,0.9447667599,0.9729960561,93.1437454224
4096,2.0,eps=0.1,0.100000,4,0.8917917013,0.9442144036,41.5334739685
4096,2.0,eps=0.1,0.100000,5,0.8123716712,0.8991582394,18.2748413086
4096,2.0,eps=0.1,0.100000,6,0.6971099973,0.8312283158,7.8848233223
4096,2.0,eps=0.1,0.100000,7,0.5385278463,0.7315018773,3.2662339211
4096,2.0,eps=0.1,0.100000,8,0.3430465460,0.5908463597,1.2335028648
4096,2.0,eps=0.1,0.100000,9,0.1517336965,0.4079912901,0.3748878241
4096,2.0,eps=1.0,1.000000,0,0.9834454060,0.9838584661,236.1689453125
4096,2.0,eps=1.0,1.000000,1,0.9528228045,0.9642049074,108.5821533203
4096,2.0,eps=1.0,1.000000,2,0.9040963650,0.9327548146,48.5358123779
4096,2.0,eps=1.0,1.000000,3,0.8306005001,0.8846991658,21.4106826782
4096,2.0,eps=1.0,1.000000,4,0.7231658697,0.8129287958,9.2818717957
4096,2.0,eps=1.0,1.000000,5,0.5733162165,0.7082695365,3.8853366375
4096,2.0,eps=1.0,1.000000,6,0.3831748068,0.5620498061,1.5030202866
4096,2.0,eps=1.0,1.000000,7,0.1854930073,0.3754840791,0.4832719564
4096,2.0,eps=1.0,1.000000,8,0.0483689569,0.1798678041,0.0999599099
4096,2.0,eps=1.0,1.000000,9,0.0039241295,0.0442320518,0.0075270366
4096,2.0,n^(1/q)/2,32.000000,0,0.4702534974,0.4834712744,2.2385890484
4096,2.0,n^(1/q)/2,32.000000,1,0.2670575082,0.2865606248,0.7889368534
4096,2.0,n^(1/q)/2,32.000000,2,0.0926209539,0.1082419306,0.2010477781
4096,2.0,n^(1/q)/2,32.000000,3,0.0118319541,0.0164221823,0.0227459073
4096,2.0,n^(1/q)/2,32.000000,4,0.0001997775,0.0003895852,0.0003779364
4096,2.0,n^(1/q)/2,32.000000,5,0.0000000633,0.0000002497,0.0000001134
4096,2.0,n^(1/q)/2,32.000000,6,0.0000000164,0.0000001273,0.0000000216
4096,2.0,n^(1/q)/2,32.000000,7,0.0000000132,0.0000001273,0.0000000163
4096,2.0,n^(1/q)/2,32.000000,8,0.0000000135,0.0000001273,0.0000000163
4096,2.0,n^(1/q)/2,32.000000,9,0.0000000132,0.0000001273,0.0000000163
4096,2.0,n^(1/q)*2,128.000000,0,1.1189860106,1.2265440226,0.7634912729
4096,2.0,n^(1/q)*2,128.000000,1,0.0594930276,0.1132719964,0.1033330560
4096,2.0,n^(1/q)*2,128.000000,2,0.0051911455,0.0178884994,0.0098613780
4096,2.0,n^(1/q)*2,128.000000,3,0.0000406578,0.0004291918,0.0000764751
4096,2.0,n^(1/q)*2,128.000000,4,0.0000000152,0.0000001991,0.0000000414
4096,2.0,n^(1/q)*2,128.000000,5,0.0000000002,0.0000000655,0.0000000191
4096,2.0,n^(1/q)*2,128.000000,6,0.0000000026,0.0000001273,0.0000000187
4096,2.0,n^(1/q)*2,128.000000,7,0.0000000000,0.0000000000,0.0000000187
4096,2.0,n^(1/q)*2,128.000000,8,0.0000000026,0.0000001273,0.0000000187
4096,2.0,n^(1/q)*2,128.000000,9,0.0000000000,0.0000000000,0.0000000187
4096,2.0,max+1,1.000000,0,0.9834454060,0.9838584661,236.1689453125
4096,2.0,max+1,1.000000,1,0.9528228045,0.9642049074,108.5821533203
4096,2.0,max+1,1.000000,2,0.9040963650,0.9327548146,48.5358123779
4096,2.0,max+1,1.000000,3,0.8306005001,0.8846991658,21.4106826782
4096,2.0,max+1,1.000000,4,0.7231658697,0.8129287958,9.2818717957
4096,2.0,max+1,1.000000,5,0.5733162165,0.7082695365,3.8853366375
4096,2.0,max+1,1.000000,6,0.3831748068,0.5620498061,1.5030202866
4096,2.0,max+1,1.000000,7,0.1854930073,0.3754840791,0.4832719564
4096,2.0,max+1,1.000000,8,0.0483689569,0.1798678041,0.0999599099
4096,2.0,max+1,1.000000,9,0.0039241295,0.0442320518,0.0075270366
4096,2.0,max+n^(1/2q),8.000000,0,0.8675634265,0.8708677888,30.2019252777
4096,2.0,max+n^(1/2q),8.000000,1,0.7766454816,0.7926122546,13.2045936584
4096,2.0,max+n^(1/2q),8.000000,2,0.6464515328,0.6794105768,5.6272969246
4096,2.0,max+n^(1/2q),8.000000,3,0.4720278978,0.5235927105,2.2672595978
4096,2.0,max+n^(1/2q),8.000000,4,0.2691301703,0.3309476376,0.8013813496
4096,2.0,max+n^(1/2q),8.000000,5,0.0943252072,0.1420950145,0.2059555650
4096,2.0,max+n^(1/2q),8.000000,6,0.0124368966,0.0279806145,0.0239804573
4096,2.0,max+n^(1/2q),8.000000,7,0.0002325892,0.0011267613,0.0004409352
4096,2.0,max+n^(1/2q),8.000000,8,0.0000001024,0.0000019088,0.0000001869
4096,2.0,max+n^(1/2q),8.000000,9,0.0000000162,0.0000001294,0.0000000222
4096,4.0,n^(1/q),8.000000,0,0.7121180892,2.5931084156,0.7531154156
4096,4.0,n^(1/q),8.000000,1,0.1518475711,0.7965541482,0.5413482785
4096,4.0,n^(1/q),8.000000,2,0.0398084223,0.2562779784,0.1146720946
4096,4.0,n^(1/q),8.000000,3,0.0038388302,0.0646826848,0.0103358235
4096,4.0,n^(1/q),8.000000,4,0.0000650328,0.0041547236,0.0001768686
4096,4.0,n^(1/q),8.000000,5,0.0000000616,0.0000183267,0.0000002116
4096,4.0,n^(1/q),8.000000,6,0.0000000003,0.0000001016,0.0000000524
4096,4.0,n^(1/q),8.000000,7,0.0000000004,0.0000001740,0.0000000520
4096,4.0,n^(1/q),8.000000,8,0.0000000000,0.0000000000,0.0000000520
4096,4.0,n^(1/q),8.000000,9,0.0000000004,0.0000001740,0.0000000520
4096,4.0,eps=0.1,0.100000,0,0.9785985351,0.9834807515,11559.6601562500
4096,4.0,eps=0.1,0.100000,1,0.9730328918,0.9786902070,4794.3808593750
4096,4.0,eps=0.1,0.100000,2,0.9658828974,0.9724414945,2002.6197509766
4096,4.0,eps=0.1,0.100000,3,0.9565382004,0.9641746283,846.7902832031
4096,4.0,eps=0.1,0.100000,4,0.9439489245,0.9531578422,365.4862060547
4096,4.0,eps=0.1,0.100000,5,0.9260804653,0.9379906058,162.8067626953
4096,4.0,eps=0.1,0.100000,6,0.8985804319,0.9160562158,75.4014739990
4096,4.0,eps=0.1,0.100000,7,0.8520420194,0.8858425617,35.8160018921
4096,4.0,eps=0.1,0.100000,8,0.7697921991,0.8392007351,16.6497764587
4096,4.0,eps=0.1,0.100000,9,0.6356317997,0.7627474070,7.2092790604
4096,4.0,eps=1.0,1.000000,0,0.7859852314,0.8348070979,20.5215454102
4096,4.0,eps=1.0,1.000000,1,0.6551368833,0.7570475340,8.9227809906
4096,4.0,eps=1.0,1.000000,2,0.4751148522,0.6509262919,3.5664985180
4096,4.0,eps=1.0,1.000000,3,0.2762779593,0.5149940252,1.2757074833
4096,4.0,eps=1.0,1.000000,4,0.1097694114,0.3539147675,0.3640735745
4096,4.0,eps=1.0,1.000000,5,0.0225122049,0.1876826733,0.0635444373
4096,4.0,eps=1.0,1.000000,6,0.0015243936,0.0596827082,0.0041634515
4096,4.0,eps=1.0,1.000000,7,0.0000175741,0.0066421335,0.0000492434
4096,4.0,eps=1.0,1.000000,8,0.0000000283,0.0000856231,0.0000000961
4096,4.0,eps=1.0,1.000000,9,0.0000000114,0.0000001740,0.0000000521
4096,4.0,n^(1/q)/2,4.000000,0,0.1518515050,0.7965541482,0.5413950682
4096,4.0,n^(1/q)/2,4.000000,1,0.0398117006,0.2562779784,0.1146902144
4096,4.0,n^(1/q)/2,4.000000,2,0.0038403710,0.0646826848,0.0103412680
4096,4.0,n^(1/q)/2,4.000000,3,0.0000652412,0.0050689364,0.0001775133
4096,4.0,n^(1/q)/2,4.000000,4,0.0000000638,0.0000499403,0.0000002184
4096,4.0,n^(1/q)/2,4.000000,5,0.0000000003,0.0000001016,0.0000000524
4096,4.0,n^(1/q)/2,4.000000,6,0.0000000004,0.0000001740,0.0000000520
4096,4.0,n^(1/q)/2,4.000000,7,0.0000000000,0.0000000000,0.0000000520
4096,4.0,n^(1/q)/2,4.000000,8,0.0000000004,0.0000001740,0.0000000520
4096,4.0,n^(1/q)/2,4.000000,9,0.0000000000,0.0000000000,0.0000000520
4096,4.0,n^(1/q)*2,16.000000,0,2.4242362976,6.1862168312,0.9714264870
4096,4.0,n^(1/q)*2,16.000000,1,0.7121180892,2.5931084156,0.7531154156
4096,4.0,n^(1/q)*2,16.000000,2,0.1518475711,0.7965541482,0.5413482785
4096,4.0,n^(1/q)*2,16.000000,3,0.0398084223,0.2562779784,0.1146720946
4096,4.0,n^(1/q)*2,16.000000,4,0.0038388302,0.0646826848,0.0103358235
4096,4.0,n^(1/q)*2,16.000000,5,0.0000650328,0.0041547236,0.0001768686
4096,4.0,n^(1/q)*2,16.000000,6,0.0000000616,0.0000183267,0.0000002116
4096,4.0,n^(1/q)*2,16.000000,7,0.0000000003,0.0000001016,0.0000000524
4096,4.0,n^(1/q)*2,16.000000,8,0.0000000004,0.0000001740,0.0000000520
4096,4.0,n^(1/q)*2,16.000000,9,0.0000000000,0.0000000000,0.0000000520
4096,4.0,max+1,1.000000,0,0.7859852314,0.8348070979,20.5215454102
4096,4.0,max+1,1.000000,1,0.6551368833,0.7570475340,8.9227809906
4096,4.0,max+1,1.000000,2,0.4751148522,0.6509262919,3.5664985180
4096,4.0,max+1,1.000000,3,0.2762779593,0.5149940252,1.2757074833
4096,4.0,max+1,1.000000,4,0.1097694114,0.3539147675,0.3640735745
4096,4.0,max+1,1.000000,5,0.0225122049,0.1876826733,0.0635444373
4096,4.0,max+1,1.000000,6,0.0015243936,0.0596827082,0.0041634515
4096,4.0,max+1,1.000000,7,0.0000175741,0.0066421335,0.0000492434
4096,4.0,max+1,1.000000,8,0.0000000283,0.0000856231,0.0000000961
4096,4.0,max+1,1.000000,9,0.0000000114,0.0000001740,0.0000000521
4096,4.0,max+n^(1/2q),2.828427,0,0.3947222233,0.5327638388,2.3169455528
4096,4.0,max+n^(1/2q),2.828427,1,0.2002438009,0.3740573227,0.7644066811
4096,4.0,max+n^(1/2q),2.828427,2,0.0611947179,0.2065934092,0.1803958416
4096,4.0,max+n^(1/2q),2.828427,3,0.0074482481,0.0713039786,0.0200612005
4096,4.0,max+n^(1/2q),2.828427,4,0.0001802016,0.0093983002,0.0004897885
4096,4.0,max+n^(1/2q),2.828427,5,0.0000003036,0.0001710887,0.0000008696
4096,4.0,max+n^(1/2q),2.828427,6,0.0000000123,0.0000001740,0.0000000536
4096,4.0,max+n^(1/2q),2.828427,7,0.0000000113,0.0000001191,0.0000000520
4096,4.0,max+n^(1/2q),2.828427,8,0.0000000113,0.0000001740,0.0000000520
4096,4.0,max+n^(1/2q),2.828427,9,0.0000000113,0.0000001191,0.0000000520
4096,8.0,n^(1/q),2.828427,0,1.5482633114,1.8278496265,0.9946259260
4096,8.0,n^(1/q),2.828427,1,0.2741616666,0.4139248133,0.7569038272
4096,8.0,n^(1/q),2.828427,2,0.2780547738,0.3849941492,13.6380825043
4096,8.0,n^(1/q),2.828427,3,0.1977105290,0.3083066344,5.1524429321
4096,8.0,n^(1/q),2.828427,4,0.1215598211,0.2248852551,1.8391914368
4096,8.0,n^(1/q),2.828427,5,0.0575531274,0.1391839683,0.5706216097
4096,8.0,n^(1/q),2.828427,6,0.0162931699,0.0629987791,0.1244071275
4096,8.0,n^(1/q),2.828427,7,0.0016596876,0.0151040126,0.0114547983
4096,8.0,n^(1/q),2.828427,8,0.0000252275,0.0009618601,0.0001717903
4096,8.0,n^(1/q),2.828427,9,0.0000000200,0.0000039399,0.0000002582
4096,8.0,eps=0.1,0.100000,0,0.9099052548,0.9339935780,105574864.0000000000
4096,8.0,eps=0.1,0.100000,1,0.8985815644,0.9252856970,41178336.0000000000
4096,8.0,eps=0.1,0.100000,2,0.8858246803,0.9154000878,16062728.0000000000
4096,8.0,eps=0.1,0.100000,3,0.8714503646,0.9045829177,6266418.0000000000
4096,8.0,eps=0.1,0.100000,4,0.8552496433,0.8924005032,2444993.2500000000
4096,8.0,eps=0.1,0.100000,5,0.8369852901,0.8785395026,954124.5000000000
4096,8.0,eps=0.1,0.100000,6,0.8163874745,0.8627127409,372404.3750000000
4096,8.0,eps=0.1,0.100000,7,0.7931487560,0.8445678949,145386.3437500000
4096,8.0,eps=0.1,0.100000,8,0.7669179440,0.8236739039,56774.3906250000
4096,8.0,eps=0.1,0.100000,9,0.7372923493,0.7995054722,22178.2558593750
4096,8.0,eps=1.0,1.000000,0,0.0990528613,0.3399358094,1.2598406076
4096,8.0,eps=1.0,1.000000,1,0.0403203815,0.2478949130,0.3616565168
4096,8.0,eps=1.0,1.000000,2,0.0100317756,0.1518930644,0.0724151134
4096,8.0,eps=1.0,1.000000,3,0.0011488828,0.0666466206,0.0074602673
4096,8.0,eps=1.0,1.000000,4,0.0000400165,0.0148219625,0.0002506258
4096,8.0,eps=1.0,1.000000,5,0.0000002398,0.0008020442,0.0000016366
4096,8.0,eps=1.0,1.000000,6,0.0000000038,0.0000023606,0.0000001796
4096,8.0,eps=1.0,1.000000,7,0.0000000031,0.0000001191,0.0000001790
4096,8.0,eps=1.0,1.000000,8,0.0000000036,0.0000001192,0.0000001789
4096,8.0,eps=1.0,1.000000,9,0.0000000031,0.0000001191,0.0000001789
4096,8.0,n^(1/q)/2,1.414214,0,0.2741616666,0.4139248133,0.7569038272
4096,8.0,n^(1/q)/2,1.414214,1,0.2780547738,0.3849941492,13.6380825043
4096,8.0,n^(1/q)/2,1.414214,2,0.1977105290,0.3083066344,5.1524429321
4096,8.0,n^(1/q)/2,1.414214,3,0.1215598211,0.2248852551,1.8391914368
4096,8.0,n^(1/q)/2,1.414214,4,0.0575531274,0.1391839683,0.5706216097
4096,8.0,n^(1/q)/2,1.414214,5,0.0162931699,0.0629987791,0.1244071275
4096,8.0,n^(1/q)/2,1.414214,6,0.0016596876,0.0151040126,0.0114547983
4096,8.0,n^(1/q)/2,1.414214,7,0.0000252275,0.0009618601,0.0001717903
4096,8.0,n^(1/q)/2,1.414214,8,0.0000000200,0.0000039399,0.0000002582
4096,8.0,n^(1/q)/2,1.414214,9,0.0000000001,0.0000001088,0.0000001791
4096,8.0,n^(1/q)*2,5.656854,0,4.0965261459,4.6556992531,0.9998699427
4096,8.0,n^(1/q)*2,5.656854,1,1.5482633114,1.8278496265,0.9946259260
4096,8.0,n^(1/q)*2,5.656854,2,0.2741616666,0.4139248133,0.7569038272
4096,8.0,n^(1/q)*2,5.656854,3,0.2780547738,0.3849941492,13.6380825043
4096,8.0,n^(1/q)*2,5.656854,4,0.1977105290,0.3083066344,5.1524429321
4096,8.0,n^(1/q)*2,5.656854,5,0.1215598211,0.2248852551,1.8391914368
4096,8.0,n^(1/q)*2,5.656854,6,0.0575531274,0.1391839683,0.5706216097
4096,8.0,n^(1/q)*2,5.656854,7,0.0162931699,0.0629987791,0.1244071275
4096,8.0,n^(1/q)*2,5.656854,8,0.0016596876,0.0151040126,0.0114547983
4096,8.0,n^(1/q)*2,5.656854,9,0.0000252275,0.0009618601,0.0001717903
4096,8.0,max+1,1.000000,0,0.0990528613,0.3399358094,1.2598406076
4096,8.0,max+1,1.000000,1,0.0403203815,0.2478949130,0.3616565168
4096,8.0,max+1,1.000000,2,0.0100317756,0.1518930644,0.0724151134
4096,8.0,max+1,1.000000,3,0.0011488828,0.0666466206,0.0074602673
4096,8.0,max+1,1.000000,4,0.0000400165,0.0148219625,0.0002506258
4096,8.0,max+1,1.000000,5,0.0000002398,0.0008020442,0.0000016366
4096,8.0,max+1,1.000000,6,0.0000000038,0.0000023606,0.0000001796
4096,8.0,max+1,1.000000,7,0.0000000031,0.0000001191,0.0000001790
4096,8.0,max+1,1.000000,8,0.0000000036,0.0000001192,0.0000001789
4096,8.0,max+1,1.000000,9,0.0000000031,0.0000001191,0.0000001789
4096,8.0,max+n^(1/2q),1.681793,0,0.5152064562,0.6814494729,0.9120072722
4096,8.0,max+n^(1/2q),1.681793,1,0.2413711697,0.3760028183,6.4088897705
4096,8.0,max+n^(1/2q),1.681793,2,0.1528001279,0.2938837707,2.3132700920
4096,8.0,max+n^(1/2q),1.681793,3,0.0734712780,0.2044111937,0.7273031473
4096,8.0,max+n^(1/2q),1.681793,4,0.0218772329,0.1148431748,0.1657740474
4096,8.0,max+n^(1/2q),1.681793,5,0.0030111538,0.0424019396,0.0199831389
4096,8.0,max+n^(1/2q),1.681793,6,0.0001211316,0.0065875775,0.0007708525
4096,8.0,max+n^(1/2q),1.681793,7,0.0000005800,0.0001697560,0.0000038100
4096,8.0,max+n^(1/2q),1.681793,8,0.0000000041,0.0000001769,0.0000001799
4096,8.0,max+n^(1/2q),1.681793,9,0.0000000035,0.0000001192,0.0000001788
