method,q,num_iter,max_err,sum_err
NR,1.0,1,3.4924596548080444e-10,1.3113021850585938e-06
NR,1.0,2,5.820766091346741e-11,1.1920928955078125e-07
NR,1.0,3,5.820766091346741e-11,1.1920928955078125e-07
NR,1.0,4,5.820766091346741e-11,1.1920928955078125e-07
NR,1.0,5,5.820766091346741e-11,1.1920928955078125e-07
NR,1.0,6,5.820766091346741e-11,1.1920928955078125e-07
NR,1.0,7,5.820766091346741e-11,1.1920928955078125e-07
NR,1.0,8,5.820766091346741e-11,1.1920928955078125e-07
NR,1.0,9,5.820766091346741e-11,1.1920928955078125e-07
NR,1.0,10,5.820766091346741e-11,1.1920928955078125e-07
NR,1.0,11,5.820766091346741e-11,1.1920928955078125e-07
NR,1.0,12,5.820766091346741e-11,1.1920928955078125e-07
NR,1.0,13,5.820766091346741e-11,1.1920928955078125e-07
NR,1.0,14,5.820766091346741e-11,1.1920928955078125e-07
NR,1.0,15,5.820766091346741e-11,1.1920928955078125e-07
NR,1.0,16,5.820766091346741e-11,1.1920928955078125e-07
NR,1.0,17,5.820766091346741e-11,1.1920928955078125e-07
NR,1.0,18,5.820766091346741e-11,1.1920928955078125e-07
NR,1.0,19,5.820766091346741e-11,1.1920928955078125e-07
NR,1.0,20,5.820766091346741e-11,1.1920928955078125e-07
NR,1.0,21,5.820766091346741e-11,1.1920928955078125e-07
NR,1.0,22,5.820766091346741e-11,1.1920928955078125e-07
NR,1.0,23,5.820766091346741e-11,1.1920928955078125e-07
NR,1.0,24,5.820766091346741e-11,1.1920928955078125e-07
NR,1.0,25,5.820766091346741e-11,1.1920928955078125e-07
NR,1.0,26,5.820766091346741e-11,1.1920928955078125e-07
NR,1.0,27,5.820766091346741e-11,1.1920928955078125e-07
NR,1.0,28,5.820766091346741e-11,1.1920928955078125e-07
NR,1.0,29,5.820766091346741e-11,1.1920928955078125e-07
NR,1.0,30,5.820766091346741e-11,1.1920928955078125e-07
NR,1.0,31,5.820766091346741e-11,1.1920928955078125e-07
NR,1.0,32,5.820766091346741e-11,1.1920928955078125e-07
NR,1.0,33,5.820766091346741e-11,1.1920928955078125e-07
NR,1.0,34,5.820766091346741e-11,1.1920928955078125e-07
NR,1.0,35,5.820766091346741e-11,1.1920928955078125e-07
NR,1.0,36,5.820766091346741e-11,1.1920928955078125e-07
NR,1.0,37,5.820766091346741e-11,1.1920928955078125e-07
NR,1.0,38,5.820766091346741e-11,1.1920928955078125e-07
NR,1.0,39,5.820766091346741e-11,1.1920928955078125e-07
NR,1.0,40,5.820766091346741e-11,1.1920928955078125e-07
NR,1.0,41,5.820766091346741e-11,1.1920928955078125e-07
NR,1.0,42,5.820766091346741e-11,1.1920928955078125e-07
NR,1.0,43,5.820766091346741e-11,1.1920928955078125e-07
NR,1.0,44,5.820766091346741e-11,1.1920928955078125e-07
NR,1.0,45,5.820766091346741e-11,1.1920928955078125e-07
NR,1.0,46,5.820766091346741e-11,1.1920928955078125e-07
NR,1.0,47,5.820766091346741e-11,1.1920928955078125e-07
NR,1.0,48,5.820766091346741e-11,1.1920928955078125e-07
NR,1.0,49,5.820766091346741e-11,1.1920928955078125e-07
NR,1.0,50,5.820766091346741e-11,1.1920928955078125e-07
NR,1.0,51,5.820766091346741e-11,1.1920928955078125e-07
NR,1.0,52,5.820766091346741e-11,1.1920928955078125e-07
NR,1.0,53,5.820766091346741e-11,1.1920928955078125e-07
NR,1.0,54,5.820766091346741e-11,1.1920928955078125e-07
NR,1.0,55,5.820766091346741e-11,1.1920928955078125e-07
NR,1.0,56,5.820766091346741e-11,1.1920928955078125e-07
NR,1.0,57,5.820766091346741e-11,1.1920928955078125e-07
NR,1.0,58,5.820766091346741e-11,1.1920928955078125e-07
NR,1.0,59,5.820766091346741e-11,1.1920928955078125e-07
NR,1.0,60,5.820766091346741e-11,1.1920928955078125e-07
NR,1.0,61,5.820766091346741e-11,1.1920928955078125e-07
NR,1.0,62,5.820766091346741e-11,1.1920928955078125e-07
NR,1.0,63,5.820766091346741e-11,1.1920928955078125e-07
NR,1.0,64,5.820766091346741e-11,1.1920928955078125e-07
BS,1.0,1,8.119764970615506e-05,0.3320063352584839
BS,1.0,2,3.469467628747225e-05,0.141882061958313
BS,1.0,3,1.6093486919999123e-05,0.06581723690032959
BS,1.0,4,7.69292819313705e-06,0.03146243095397949
BS,1.0,5,3.6926940083503723e-06,0.015102505683898926
BS,1.0,6,1.739797880873084e-06,0.007115602493286133
BS,1.0,7,7.748603820800781e-07,0.0031690597534179688
BS,1.0,8,2.9520015232264996e-07,0.0012074708938598633
BS,1.0,9,5.611218512058258e-08,0.0002294778823852539
BS,1.0,10,1.1862721294164658e-07,0.0004849433898925781
BS,1.0,11,5.887704901397228e-08,0.00024056434631347656
BS,1.0,12,2.898741513490677e-08,0.00011849403381347656
BS,1.0,13,1.446460373699665e-08,5.91278076171875e-05
BS,1.0,14,7.450580596923828e-09,3.045797348022461e-05
BS,1.0,15,3.725290298461914e-09,1.5139579772949219e-05
BS,1.0,16,1.8917489796876907e-09,7.62939453125e-06
BS,1.0,17,9.604264050722122e-10,3.814697265625e-06
BS,1.0,18,4.94765117764473e-10,1.9073486328125e-06
BS,1.0,19,2.6193447411060333e-10,9.5367431640625e-07
BS,1.0,20,1.6007106751203537e-10,5.960464477539062e-07
BS,1.0,21,1.1641532182693481e-10,3.5762786865234375e-07
BS,1.0,22,8.731149137020111e-11,2.384185791015625e-07
BS,1.0,23,5.820766091346741e-11,2.384185791015625e-07
BS,1.0,24,7.275957614183426e-11,2.384185791015625e-07
BS,1.0,25,7.275957614183426e-11,2.384185791015625e-07
BS,1.0,26,7.275957614183426e-11,2.384185791015625e-07
BS,1.0,27,7.275957614183426e-11,2.384185791015625e-07
BS,1.0,28,7.275957614183426e-11,2.384185791015625e-07
BS,1.0,29,7.275957614183426e-11,2.384185791015625e-07
BS,1.0,30,7.275957614183426e-11,2.384185791015625e-07
BS,1.0,31,7.275957614183426e-11,2.384185791015625e-07
BS,1.0,32,7.275957614183426e-11,2.384185791015625e-07
BS,1.0,33,7.275957614183426e-11,2.384185791015625e-07
BS,1.0,34,7.275957614183426e-11,2.384185791015625e-07
BS,1.0,35,7.275957614183426e-11,2.384185791015625e-07
BS,1.0,36,7.275957614183426e-11,2.384185791015625e-07
BS,1.0,37,7.275957614183426e-11,2.384185791015625e-07
BS,1.0,38,7.275957614183426e-11,2.384185791015625e-07
BS,1.0,39,7.275957614183426e-11,2.384185791015625e-07
BS,1.0,40,7.275957614183426e-11,2.384185791015625e-07
BS,1.0,41,7.275957614183426e-11,2.384185791015625e-07
BS,1.0,42,7.275957614183426e-11,2.384185791015625e-07
BS,1.0,43,7.275957614183426e-11,2.384185791015625e-07
BS,1.0,44,7.275957614183426e-11,2.384185791015625e-07
BS,1.0,45,7.275957614183426e-11,2.384185791015625e-07
BS,1.0,46,7.275957614183426e-11,2.384185791015625e-07
BS,1.0,47,7.275957614183426e-11,2.384185791015625e-07
BS,1.0,48,7.275957614183426e-11,2.384185791015625e-07
BS,1.0,49,7.275957614183426e-11,2.384185791015625e-07
BS,1.0,50,7.275957614183426e-11,2.384185791015625e-07
BS,1.0,51,7.275957614183426e-11,2.384185791015625e-07
BS,1.0,52,7.275957614183426e-11,2.384185791015625e-07
BS,1.0,53,7.275957614183426e-11,2.384185791015625e-07
BS,1.0,54,7.275957614183426e-11,2.384185791015625e-07
BS,1.0,55,7.275957614183426e-11,2.384185791015625e-07
BS,1.0,56,7.275957614183426e-11,2.384185791015625e-07
BS,1.0,57,7.275957614183426e-11,2.384185791015625e-07
BS,1.0,58,7.275957614183426e-11,2.384185791015625e-07
BS,1.0,59,7.275957614183426e-11,2.384185791015625e-07
BS,1.0,60,7.275957614183426e-11,2.384185791015625e-07
BS,1.0,61,7.275957614183426e-11,2.384185791015625e-07
BS,1.0,62,7.275957614183426e-11,2.384185791015625e-07
BS,1.0,63,7.275957614183426e-11,2.384185791015625e-07
BS,1.0,64,7.275957614183426e-11,2.384185791015625e-07
Triton NR,1.0,1,3.4924596548080444e-10,1.3113021850585938e-06
Triton NR,1.0,2,5.820766091346741e-11,1.1920928955078125e-07
Triton NR,1.0,3,5.820766091346741e-11,1.1920928955078125e-07
Triton NR,1.0,4,5.820766091346741e-11,1.1920928955078125e-07
Triton NR,1.0,5,5.820766091346741e-11,1.1920928955078125e-07
Triton NR,1.0,6,5.820766091346741e-11,1.1920928955078125e-07
Triton NR,1.0,7,5.820766091346741e-11,1.1920928955078125e-07
Triton NR,1.0,8,5.820766091346741e-11,1.1920928955078125e-07
Triton NR,1.0,9,5.820766091346741e-11,1.1920928955078125e-07
Triton NR,1.0,10,5.820766091346741e-11,1.1920928955078125e-07
Triton NR,1.0,11,5.820766091346741e-11,1.1920928955078125e-07
Triton NR,1.0,12,5.820766091346741e-11,1.1920928955078125e-07
Triton NR,1.0,13,5.820766091346741e-11,1.1920928955078125e-07
Triton NR,1.0,14,5.820766091346741e-11,1.1920928955078125e-07
Triton NR,1.0,15,5.820766091346741e-11,1.1920928955078125e-07
Triton NR,1.0,16,5.820766091346741e-11,1.1920928955078125e-07
Triton NR,1.0,17,5.820766091346741e-11,1.1920928955078125e-07
Triton NR,1.0,18,5.820766091346741e-11,1.1920928955078125e-07
Triton NR,1.0,19,5.820766091346741e-11,1.1920928955078125e-07
Triton NR,1.0,20,5.820766091346741e-11,1.1920928955078125e-07
Triton NR,1.0,21,5.820766091346741e-11,1.1920928955078125e-07
Triton NR,1.0,22,5.820766091346741e-11,1.1920928955078125e-07
Triton NR,1.0,23,5.820766091346741e-11,1.1920928955078125e-07
Triton NR,1.0,24,5.820766091346741e-11,1.1920928955078125e-07
Triton NR,1.0,25,5.820766091346741e-11,1.1920928955078125e-07
Triton NR,1.0,26,5.820766091346741e-11,1.1920928955078125e-07
Triton NR,1.0,27,5.820766091346741e-11,1.1920928955078125e-07
Triton NR,1.0,28,5.820766091346741e-11,1.1920928955078125e-07
Triton NR,1.0,29,5.820766091346741e-11,1.1920928955078125e-07
Triton NR,1.0,30,5.820766091346741e-11,1.1920928955078125e-07
Triton NR,1.0,31,5.820766091346741e-11,1.1920928955078125e-07
Triton NR,1.0,32,5.820766091346741e-11,1.1920928955078125e-07
Triton NR,1.0,33,5.820766091346741e-11,1.1920928955078125e-07
Triton NR,1.0,34,5.820766091346741e-11,1.1920928955078125e-07
Triton NR,1.0,35,5.820766091346741e-11,1.1920928955078125e-07
Triton NR,1.0,36,5.820766091346741e-11,1.1920928955078125e-07
Triton NR,1.0,37,5.820766091346741e-11,1.1920928955078125e-07
Triton NR,1.0,38,5.820766091346741e-11,1.1920928955078125e-07
Triton NR,1.0,39,5.820766091346741e-11,1.1920928955078125e-07
Triton NR,1.0,40,5.820766091346741e-11,1.1920928955078125e-07
Triton NR,1.0,41,5.820766091346741e-11,1.1920928955078125e-07
Triton NR,1.0,42,5.820766091346741e-11,1.1920928955078125e-07
Triton NR,1.0,43,5.820766091346741e-11,1.1920928955078125e-07
Triton NR,1.0,44,5.820766091346741e-11,1.1920928955078125e-07
Triton NR,1.0,45,5.820766091346741e-11,1.1920928955078125e-07
Triton NR,1.0,46,5.820766091346741e-11,1.1920928955078125e-07
Triton NR,1.0,47,5.820766091346741e-11,1.1920928955078125e-07
Triton NR,1.0,48,5.820766091346741e-11,1.1920928955078125e-07
Triton NR,1.0,49,5.820766091346741e-11,1.1920928955078125e-07
Triton NR,1.0,50,5.820766091346741e-11,1.1920928955078125e-07
Triton NR,1.0,51,5.820766091346741e-11,1.1920928955078125e-07
Triton NR,1.0,52,5.820766091346741e-11,1.1920928955078125e-07
Triton NR,1.0,53,5.820766091346741e-11,1.1920928955078125e-07
Triton NR,1.0,54,5.820766091346741e-11,1.1920928955078125e-07
Triton NR,1.0,55,5.820766091346741e-11,1.1920928955078125e-07
Triton NR,1.0,56,5.820766091346741e-11,1.1920928955078125e-07
Triton NR,1.0,57,5.820766091346741e-11,1.1920928955078125e-07
Triton NR,1.0,58,5.820766091346741e-11,1.1920928955078125e-07
Triton NR,1.0,59,5.820766091346741e-11,1.1920928955078125e-07
Triton NR,1.0,60,5.820766091346741e-11,1.1920928955078125e-07
Triton NR,1.0,61,5.820766091346741e-11,1.1920928955078125e-07
Triton NR,1.0,62,5.820766091346741e-11,1.1920928955078125e-07
Triton NR,1.0,63,5.820766091346741e-11,1.1920928955078125e-07
Triton NR,1.0,64,5.820766091346741e-11,1.1920928955078125e-07
Triton BS,1.0,1,8.119764970615506e-05,0.3320063352584839
Triton BS,1.0,2,3.469467628747225e-05,0.141882061958313
Triton BS,1.0,3,1.6093486919999123e-05,0.06581723690032959
Triton BS,1.0,4,7.69292819313705e-06,0.03146243095397949
Triton BS,1.0,5,3.6926940083503723e-06,0.015102505683898926
Triton BS,1.0,6,1.739797880873084e-06,0.007115602493286133
Triton BS,1.0,7,7.748312782496214e-07,0.0031690597534179688
Triton BS,1.0,8,2.9520015232264996e-07,0.0012074708938598633
Triton BS,1.0,9,5.611218512058258e-08,0.0002294778823852539
Triton BS,1.0,10,1.1862721294164658e-07,0.0004849433898925781
Triton BS,1.0,11,5.884794518351555e-08,0.00024056434631347656
Triton BS,1.0,12,2.898741513490677e-08,0.00011849403381347656
Triton BS,1.0,13,1.446460373699665e-08,5.91278076171875e-05
Triton BS,1.0,14,7.508788257837296e-09,3.0517578125e-05
Triton BS,1.0,15,3.7834979593753815e-09,1.52587890625e-05
Triton BS,1.0,16,1.9208528101444244e-09,7.748603820800781e-06
Triton BS,1.0,17,9.89530235528946e-10,3.933906555175781e-06
Triton BS,1.0,18,5.093170329928398e-10,2.0265579223632812e-06
Triton BS,1.0,19,2.9103830456733704e-10,1.0728836059570312e-06
Triton BS,1.0,20,1.4551915228366852e-10,5.960464477539062e-07
Triton BS,1.0,21,1.1641532182693481e-10,3.5762786865234375e-07
Triton BS,1.0,22,8.731149137020111e-11,2.384185791015625e-07
Triton BS,1.0,23,5.820766091346741e-11,2.384185791015625e-07
Triton BS,1.0,24,5.820766091346741e-11,2.384185791015625e-07
Triton BS,1.0,25,5.820766091346741e-11,2.384185791015625e-07
Triton BS,1.0,26,5.820766091346741e-11,2.384185791015625e-07
Triton BS,1.0,27,5.820766091346741e-11,2.384185791015625e-07
Triton BS,1.0,28,5.820766091346741e-11,2.384185791015625e-07
Triton BS,1.0,29,5.820766091346741e-11,2.384185791015625e-07
Triton BS,1.0,30,5.820766091346741e-11,2.384185791015625e-07
Triton BS,1.0,31,5.820766091346741e-11,2.384185791015625e-07
Triton BS,1.0,32,5.820766091346741e-11,2.384185791015625e-07
Triton BS,1.0,33,5.820766091346741e-11,2.384185791015625e-07
Triton BS,1.0,34,5.820766091346741e-11,2.384185791015625e-07
Triton BS,1.0,35,5.820766091346741e-11,2.384185791015625e-07
Triton BS,1.0,36,5.820766091346741e-11,2.384185791015625e-07
Triton BS,1.0,37,5.820766091346741e-11,2.384185791015625e-07
Triton BS,1.0,38,5.820766091346741e-11,2.384185791015625e-07
Triton BS,1.0,39,5.820766091346741e-11,2.384185791015625e-07
Triton BS,1.0,40,5.820766091346741e-11,2.384185791015625e-07
Triton BS,1.0,41,5.820766091346741e-11,2.384185791015625e-07
Triton BS,1.0,42,5.820766091346741e-11,2.384185791015625e-07
Triton BS,1.0,43,5.820766091346741e-11,2.384185791015625e-07
Triton BS,1.0,44,5.820766091346741e-11,2.384185791015625e-07
Triton BS,1.0,45,5.820766091346741e-11,2.384185791015625e-07
Triton BS,1.0,46,5.820766091346741e-11,2.384185791015625e-07
Triton BS,1.0,47,5.820766091346741e-11,2.384185791015625e-07
Triton BS,1.0,48,5.820766091346741e-11,2.384185791015625e-07
Triton BS,1.0,49,5.820766091346741e-11,2.384185791015625e-07
Triton BS,1.0,50,5.820766091346741e-11,2.384185791015625e-07
Triton BS,1.0,51,5.820766091346741e-11,2.384185791015625e-07
Triton BS,1.0,52,5.820766091346741e-11,2.384185791015625e-07
Triton BS,1.0,53,5.820766091346741e-11,2.384185791015625e-07
Triton BS,1.0,54,5.820766091346741e-11,2.384185791015625e-07
Triton BS,1.0,55,5.820766091346741e-11,2.384185791015625e-07
Triton BS,1.0,56,5.820766091346741e-11,2.384185791015625e-07
Triton BS,1.0,57,5.820766091346741e-11,2.384185791015625e-07
Triton BS,1.0,58,5.820766091346741e-11,2.384185791015625e-07
Triton BS,1.0,59,5.820766091346741e-11,2.384185791015625e-07
Triton BS,1.0,60,5.820766091346741e-11,2.384185791015625e-07
Triton BS,1.0,61,5.820766091346741e-11,2.384185791015625e-07
Triton BS,1.0,62,5.820766091346741e-11,2.384185791015625e-07
Triton BS,1.0,63,5.820766091346741e-11,2.384185791015625e-07
Triton BS,1.0,64,5.820766091346741e-11,2.384185791015625e-07
NR,2.0,1,5.342764779925346e-06,0.017332792282104492
NR,2.0,2,6.752088665962219e-08,0.00021922588348388672
NR,2.0,3,8.731149137020111e-11,2.384185791015625e-07
NR,2.0,4,7.275957614183426e-11,1.1920928955078125e-07
NR,2.0,5,7.275957614183426e-11,1.1920928955078125e-07
NR,2.0,6,7.275957614183426e-11,1.1920928955078125e-07
NR,2.0,7,7.275957614183426e-11,1.1920928955078125e-07
NR,2.0,8,7.275957614183426e-11,1.1920928955078125e-07
NR,2.0,9,7.275957614183426e-11,1.1920928955078125e-07
NR,2.0,10,7.275957614183426e-11,1.1920928955078125e-07
NR,2.0,11,7.275957614183426e-11,1.1920928955078125e-07
NR,2.0,12,7.275957614183426e-11,1.1920928955078125e-07
NR,2.0,13,7.275957614183426e-11,1.1920928955078125e-07
NR,2.0,14,7.275957614183426e-11,1.1920928955078125e-07
NR,2.0,15,7.275957614183426e-11,1.1920928955078125e-07
NR,2.0,16,7.275957614183426e-11,1.1920928955078125e-07
NR,2.0,17,7.275957614183426e-11,1.1920928955078125e-07
NR,2.0,18,7.275957614183426e-11,1.1920928955078125e-07
NR,2.0,19,7.275957614183426e-11,1.1920928955078125e-07
NR,2.0,20,7.275957614183426e-11,1.1920928955078125e-07
NR,2.0,21,7.275957614183426e-11,1.1920928955078125e-07
NR,2.0,22,7.275957614183426e-11,1.1920928955078125e-07
NR,2.0,23,7.275957614183426e-11,1.1920928955078125e-07
NR,2.0,24,7.275957614183426e-11,1.1920928955078125e-07
NR,2.0,25,7.275957614183426e-11,1.1920928955078125e-07
NR,2.0,26,7.275957614183426e-11,1.1920928955078125e-07
NR,2.0,27,7.275957614183426e-11,1.1920928955078125e-07
NR,2.0,28,7.275957614183426e-11,1.1920928955078125e-07
NR,2.0,29,7.275957614183426e-11,1.1920928955078125e-07
NR,2.0,30,7.275957614183426e-11,1.1920928955078125e-07
NR,2.0,31,7.275957614183426e-11,1.1920928955078125e-07
NR,2.0,32,7.275957614183426e-11,1.1920928955078125e-07
NR,2.0,33,7.275957614183426e-11,1.1920928955078125e-07
NR,2.0,34,7.275957614183426e-11,1.1920928955078125e-07
NR,2.0,35,7.275957614183426e-11,1.1920928955078125e-07
NR,2.0,36,7.275957614183426e-11,1.1920928955078125e-07
NR,2.0,37,7.275957614183426e-11,1.1920928955078125e-07
NR,2.0,38,7.275957614183426e-11,1.1920928955078125e-07
NR,2.0,39,7.275957614183426e-11,1.1920928955078125e-07
NR,2.0,40,7.275957614183426e-11,1.1920928955078125e-07
NR,2.0,41,7.275957614183426e-11,1.1920928955078125e-07
NR,2.0,42,7.275957614183426e-11,1.1920928955078125e-07
NR,2.0,43,7.275957614183426e-11,1.1920928955078125e-07
NR,2.0,44,7.275957614183426e-11,1.1920928955078125e-07
NR,2.0,45,7.275957614183426e-11,1.1920928955078125e-07
NR,2.0,46,7.275957614183426e-11,1.1920928955078125e-07
NR,2.0,47,7.275957614183426e-11,1.1920928955078125e-07
NR,2.0,48,7.275957614183426e-11,1.1920928955078125e-07
NR,2.0,49,7.275957614183426e-11,1.1920928955078125e-07
NR,2.0,50,7.275957614183426e-11,1.1920928955078125e-07
NR,2.0,51,7.275957614183426e-11,1.1920928955078125e-07
NR,2.0,52,7.275957614183426e-11,1.1920928955078125e-07
NR,2.0,53,7.275957614183426e-11,1.1920928955078125e-07
NR,2.0,54,7.275957614183426e-11,1.1920928955078125e-07
NR,2.0,55,7.275957614183426e-11,1.1920928955078125e-07
NR,2.0,56,7.275957614183426e-11,1.1920928955078125e-07
NR,2.0,57,7.275957614183426e-11,1.1920928955078125e-07
NR,2.0,58,7.275957614183426e-11,1.1920928955078125e-07
NR,2.0,59,7.275957614183426e-11,1.1920928955078125e-07
NR,2.0,60,7.275957614183426e-11,1.1920928955078125e-07
NR,2.0,61,7.275957614183426e-11,1.1920928955078125e-07
NR,2.0,62,7.275957614183426e-11,1.1920928955078125e-07
NR,2.0,63,7.275957614183426e-11,1.1920928955078125e-07
NR,2.0,64,7.275957614183426e-11,1.1920928955078125e-07
BS,2.0,1,0.00016495506861247122,0.5728702545166016
BS,2.0,2,4.980483208782971e-05,0.17527437210083008
BS,2.0,3,8.705072104930878e-06,0.03079378604888916
BS,2.0,4,1.861379132606089e-05,0.06235361099243164
BS,2.0,5,8.951290510594845e-06,0.030280709266662598
BS,2.0,6,4.490895662456751e-06,0.015180528163909912
BS,2.0,7,2.2189051378518343e-06,0.007497727870941162
BS,2.0,8,1.1042284313589334e-06,0.003679633140563965
BS,2.0,9,5.518668331205845e-07,0.0019456148147583008
BS,2.0,10,2.786400727927685e-07,0.0009708404541015625
BS,2.0,11,1.4330726116895676e-07,0.00048613548278808594
BS,2.0,12,7.127528078854084e-08,0.00024175643920898438
BS,2.0,13,3.5244738683104515e-08,0.0001195669174194336
BS,2.0,14,1.7258571460843086e-08,5.8531761169433594e-05
BS,2.0,15,8.440110832452774e-09,2.956390380859375e-05
BS,2.0,16,4.423782229423523e-09,1.519918441772461e-05
BS,2.0,17,2.2118911147117615e-09,7.569789886474609e-06
BS,2.0,18,1.076841726899147e-09,3.7550926208496094e-06
BS,2.0,19,5.529727786779404e-10,1.9073486328125e-06
BS,2.0,20,2.9103830456733704e-10,9.5367431640625e-07
BS,2.0,21,2.0372681319713593e-10,4.76837158203125e-07
BS,2.0,22,1.4551915228366852e-10,3.5762786865234375e-07
BS,2.0,23,1.0186340659856796e-10,2.384185791015625e-07
BS,2.0,24,1.0186340659856796e-10,2.384185791015625e-07
BS,2.0,25,1.0186340659856796e-10,2.384185791015625e-07
BS,2.0,26,1.0186340659856796e-10,2.384185791015625e-07
BS,2.0,27,1.0186340659856796e-10,2.384185791015625e-07
BS,2.0,28,1.0186340659856796e-10,2.384185791015625e-07
BS,2.0,29,1.0186340659856796e-10,2.384185791015625e-07
BS,2.0,30,1.0186340659856796e-10,2.384185791015625e-07
BS,2.0,31,1.0186340659856796e-10,2.384185791015625e-07
BS,2.0,32,1.0186340659856796e-10,2.384185791015625e-07
BS,2.0,33,1.0186340659856796e-10,2.384185791015625e-07
BS,2.0,34,1.0186340659856796e-10,2.384185791015625e-07
BS,2.0,35,1.0186340659856796e-10,2.384185791015625e-07
BS,2.0,36,1.0186340659856796e-10,2.384185791015625e-07
BS,2.0,37,1.0186340659856796e-10,2.384185791015625e-07
BS,2.0,38,1.0186340659856796e-10,2.384185791015625e-07
BS,2.0,39,1.0186340659856796e-10,2.384185791015625e-07
BS,2.0,40,1.0186340659856796e-10,2.384185791015625e-07
BS,2.0,41,1.0186340659856796e-10,2.384185791015625e-07
BS,2.0,42,1.0186340659856796e-10,2.384185791015625e-07
BS,2.0,43,1.0186340659856796e-10,2.384185791015625e-07
BS,2.0,44,1.0186340659856796e-10,2.384185791015625e-07
BS,2.0,45,1.0186340659856796e-10,2.384185791015625e-07
BS,2.0,46,1.0186340659856796e-10,2.384185791015625e-07
BS,2.0,47,1.0186340659856796e-10,2.384185791015625e-07
BS,2.0,48,1.0186340659856796e-10,2.384185791015625e-07
BS,2.0,49,1.0186340659856796e-10,2.384185791015625e-07
BS,2.0,50,1.0186340659856796e-10,2.384185791015625e-07
BS,2.0,51,1.0186340659856796e-10,2.384185791015625e-07
BS,2.0,52,1.0186340659856796e-10,2.384185791015625e-07
BS,2.0,53,1.0186340659856796e-10,2.384185791015625e-07
BS,2.0,54,1.0186340659856796e-10,2.384185791015625e-07
BS,2.0,55,1.0186340659856796e-10,2.384185791015625e-07
BS,2.0,56,1.0186340659856796e-10,2.384185791015625e-07
BS,2.0,57,1.0186340659856796e-10,2.384185791015625e-07
BS,2.0,58,1.0186340659856796e-10,2.384185791015625e-07
BS,2.0,59,1.0186340659856796e-10,2.384185791015625e-07
BS,2.0,60,1.0186340659856796e-10,2.384185791015625e-07
BS,2.0,61,1.0186340659856796e-10,2.384185791015625e-07
BS,2.0,62,1.0186340659856796e-10,2.384185791015625e-07
BS,2.0,63,1.0186340659856796e-10,2.384185791015625e-07
BS,2.0,64,1.0186340659856796e-10,2.384185791015625e-07
Triton NR,2.0,1,5.342764779925346e-06,0.017332792282104492
Triton NR,2.0,2,6.746267899870872e-08,0.00021910667419433594
Triton NR,2.0,3,2.6193447411060333e-10,1.7881393432617188e-07
Triton NR,2.0,4,2.473825588822365e-10,1.1920928955078125e-07
Triton NR,2.0,5,2.473825588822365e-10,1.1920928955078125e-07
Triton NR,2.0,6,2.473825588822365e-10,1.1920928955078125e-07
Triton NR,2.0,7,2.473825588822365e-10,1.1920928955078125e-07
Triton NR,2.0,8,2.473825588822365e-10,1.1920928955078125e-07
Triton NR,2.0,9,2.473825588822365e-10,1.1920928955078125e-07
Triton NR,2.0,10,2.473825588822365e-10,1.1920928955078125e-07
Triton NR,2.0,11,2.473825588822365e-10,1.1920928955078125e-07
Triton NR,2.0,12,2.473825588822365e-10,1.1920928955078125e-07
Triton NR,2.0,13,2.473825588822365e-10,1.1920928955078125e-07
Triton NR,2.0,14,2.473825588822365e-10,1.1920928955078125e-07
Triton NR,2.0,15,2.473825588822365e-10,1.1920928955078125e-07
Triton NR,2.0,16,2.473825588822365e-10,1.1920928955078125e-07
Triton NR,2.0,17,2.473825588822365e-10,1.1920928955078125e-07
Triton NR,2.0,18,2.473825588822365e-10,1.1920928955078125e-07
Triton NR,2.0,19,2.473825588822365e-10,1.1920928955078125e-07
Triton NR,2.0,20,2.473825588822365e-10,1.1920928955078125e-07
Triton NR,2.0,21,2.473825588822365e-10,1.1920928955078125e-07
Triton NR,2.0,22,2.473825588822365e-10,1.1920928955078125e-07
Triton NR,2.0,23,2.473825588822365e-10,1.1920928955078125e-07
Triton NR,2.0,24,2.473825588822365e-10,1.1920928955078125e-07
Triton NR,2.0,25,2.473825588822365e-10,1.1920928955078125e-07
Triton NR,2.0,26,2.473825588822365e-10,1.1920928955078125e-07
Triton NR,2.0,27,2.473825588822365e-10,1.1920928955078125e-07
Triton NR,2.0,28,2.473825588822365e-10,1.1920928955078125e-07
Triton NR,2.0,29,2.473825588822365e-10,1.1920928955078125e-07
Triton NR,2.0,30,2.473825588822365e-10,1.1920928955078125e-07
Triton NR,2.0,31,2.473825588822365e-10,1.1920928955078125e-07
Triton NR,2.0,32,2.473825588822365e-10,1.1920928955078125e-07
Triton NR,2.0,33,2.473825588822365e-10,1.1920928955078125e-07
Triton NR,2.0,34,2.473825588822365e-10,1.1920928955078125e-07
Triton NR,2.0,35,2.473825588822365e-10,1.1920928955078125e-07
Triton NR,2.0,36,2.473825588822365e-10,1.1920928955078125e-07
Triton NR,2.0,37,2.473825588822365e-10,1.1920928955078125e-07
Triton NR,2.0,38,2.473825588822365e-10,1.1920928955078125e-07
Triton NR,2.0,39,2.473825588822365e-10,1.1920928955078125e-07
Triton NR,2.0,40,2.473825588822365e-10,1.1920928955078125e-07
Triton NR,2.0,41,2.473825588822365e-10,1.1920928955078125e-07
Triton NR,2.0,42,2.473825588822365e-10,1.1920928955078125e-07
Triton NR,2.0,43,2.473825588822365e-10,1.1920928955078125e-07
Triton NR,2.0,44,2.473825588822365e-10,1.1920928955078125e-07
Triton NR,2.0,45,2.473825588822365e-10,1.1920928955078125e-07
Triton NR,2.0,46,2.473825588822365e-10,1.1920928955078125e-07
Triton NR,2.0,47,2.473825588822365e-10,1.1920928955078125e-07
Triton NR,2.0,48,2.473825588822365e-10,1.1920928955078125e-07
Triton NR,2.0,49,2.473825588822365e-10,1.1920928955078125e-07
Triton NR,2.0,50,2.473825588822365e-10,1.1920928955078125e-07
Triton NR,2.0,51,2.473825588822365e-10,1.1920928955078125e-07
Triton NR,2.0,52,2.473825588822365e-10,1.1920928955078125e-07
Triton NR,2.0,53,2.473825588822365e-10,1.1920928955078125e-07
Triton NR,2.0,54,2.473825588822365e-10,1.1920928955078125e-07
Triton NR,2.0,55,2.473825588822365e-10,1.1920928955078125e-07
Triton NR,2.0,56,2.473825588822365e-10,1.1920928955078125e-07
Triton NR,2.0,57,2.473825588822365e-10,1.1920928955078125e-07
Triton NR,2.0,58,2.473825588822365e-10,1.1920928955078125e-07
Triton NR,2.0,59,2.473825588822365e-10,1.1920928955078125e-07
Triton NR,2.0,60,2.473825588822365e-10,1.1920928955078125e-07
Triton NR,2.0,61,2.473825588822365e-10,1.1920928955078125e-07
Triton NR,2.0,62,2.473825588822365e-10,1.1920928955078125e-07
Triton NR,2.0,63,2.473825588822365e-10,1.1920928955078125e-07
Triton NR,2.0,64,2.473825588822365e-10,1.1920928955078125e-07
Triton BS,2.0,1,0.00016495512682013214,0.5728702545166016
Triton BS,2.0,2,4.9805035814642906e-05,0.17527461051940918
Triton BS,2.0,3,8.705130312591791e-06,0.03079378604888916
Triton BS,2.0,4,1.861387863755226e-05,0.06235361099243164
Triton BS,2.0,5,8.951203199103475e-06,0.030280709266662598
Triton BS,2.0,6,4.490924766287208e-06,0.015180468559265137
Triton BS,2.0,7,2.2189924493432045e-06,0.007497727870941162
Triton BS,2.0,8,1.1041120160371065e-06,0.0036797523498535156
Triton BS,2.0,9,5.518959369510412e-07,0.0019455552101135254
Triton BS,2.0,10,2.786691766232252e-07,0.0009707808494567871
Triton BS,2.0,11,1.4319084584712982e-07,0.00048613548278808594
Triton BS,2.0,12,7.139169611036777e-08,0.00024175643920898438
Triton BS,2.0,13,3.5157427191734314e-08,0.00011968612670898438
Triton BS,2.0,14,1.720036379992962e-08,5.8650970458984375e-05
Triton BS,2.0,15,8.498318493366241e-09,2.956390380859375e-05
Triton BS,2.0,16,4.423782229423523e-09,1.5079975128173828e-05
Triton BS,2.0,17,2.240994945168495e-09,7.510185241699219e-06
Triton BS,2.0,18,1.2223608791828156e-09,3.5762786865234375e-06
Triton BS,2.0,19,7.566995918750763e-10,1.9073486328125e-06
Triton BS,2.0,20,4.94765117764473e-10,1.0728836059570312e-06
Triton BS,2.0,21,3.7834979593753815e-10,5.960464477539062e-07
Triton BS,2.0,22,3.2014213502407074e-10,3.5762786865234375e-07
Triton BS,2.0,23,2.6193447411060333e-10,2.384185791015625e-07
Triton BS,2.0,24,2.9103830456733704e-10,2.384185791015625e-07
Triton BS,2.0,25,2.9103830456733704e-10,2.384185791015625e-07
Triton BS,2.0,26,2.9103830456733704e-10,2.384185791015625e-07
Triton BS,2.0,27,2.9103830456733704e-10,2.384185791015625e-07
Triton BS,2.0,28,2.9103830456733704e-10,2.384185791015625e-07
Triton BS,2.0,29,2.9103830456733704e-10,2.384185791015625e-07
Triton BS,2.0,30,2.9103830456733704e-10,2.384185791015625e-07
Triton BS,2.0,31,2.9103830456733704e-10,2.384185791015625e-07
Triton BS,2.0,32,2.9103830456733704e-10,2.384185791015625e-07
Triton BS,2.0,33,2.9103830456733704e-10,2.384185791015625e-07
Triton BS,2.0,34,2.9103830456733704e-10,2.384185791015625e-07
Triton BS,2.0,35,2.9103830456733704e-10,2.384185791015625e-07
Triton BS,2.0,36,2.9103830456733704e-10,2.384185791015625e-07
Triton BS,2.0,37,2.9103830456733704e-10,2.384185791015625e-07
Triton BS,2.0,38,2.9103830456733704e-10,2.384185791015625e-07
Triton BS,2.0,39,2.9103830456733704e-10,2.384185791015625e-07
Triton BS,2.0,40,2.9103830456733704e-10,2.384185791015625e-07
Triton BS,2.0,41,2.9103830456733704e-10,2.384185791015625e-07
Triton BS,2.0,42,2.9103830456733704e-10,2.384185791015625e-07
Triton BS,2.0,43,2.9103830456733704e-10,2.384185791015625e-07
Triton BS,2.0,44,2.9103830456733704e-10,2.384185791015625e-07
Triton BS,2.0,45,2.9103830456733704e-10,2.384185791015625e-07
Triton BS,2.0,46,2.9103830456733704e-10,2.384185791015625e-07
Triton BS,2.0,47,2.9103830456733704e-10,2.384185791015625e-07
Triton BS,2.0,48,2.9103830456733704e-10,2.384185791015625e-07
Triton BS,2.0,49,2.9103830456733704e-10,2.384185791015625e-07
Triton BS,2.0,50,2.9103830456733704e-10,2.384185791015625e-07
Triton BS,2.0,51,2.9103830456733704e-10,2.384185791015625e-07
Triton BS,2.0,52,2.9103830456733704e-10,2.384185791015625e-07
Triton BS,2.0,53,2.9103830456733704e-10,2.384185791015625e-07
Triton BS,2.0,54,2.9103830456733704e-10,2.384185791015625e-07
Triton BS,2.0,55,2.9103830456733704e-10,2.384185791015625e-07
Triton BS,2.0,56,2.9103830456733704e-10,2.384185791015625e-07
Triton BS,2.0,57,2.9103830456733704e-10,2.384185791015625e-07
Triton BS,2.0,58,2.9103830456733704e-10,2.384185791015625e-07
Triton BS,2.0,59,2.9103830456733704e-10,2.384185791015625e-07
Triton BS,2.0,60,2.9103830456733704e-10,2.384185791015625e-07
Triton BS,2.0,61,2.9103830456733704e-10,2.384185791015625e-07
Triton BS,2.0,62,2.9103830456733704e-10,2.384185791015625e-07
Triton BS,2.0,63,2.9103830456733704e-10,2.384185791015625e-07
Triton BS,2.0,64,2.9103830456733704e-10,2.384185791015625e-07
NR,4.0,1,0.00261282199062407,1.0883944034576416
NR,4.0,2,0.0005990718491375446,0.2846205234527588
NR,4.0,3,6.834627129137516e-05,0.03607964515686035
NR,4.0,4,1.4762626960873604e-06,0.0007866621017456055
NR,4.0,5,1.1641532182693481e-09,4.76837158203125e-07
NR,4.0,6,9.313225746154785e-10,1.1920928955078125e-07
NR,4.0,7,9.313225746154785e-10,1.1920928955078125e-07
NR,4.0,8,9.313225746154785e-10,1.1920928955078125e-07
NR,4.0,9,9.313225746154785e-10,1.1920928955078125e-07
NR,4.0,10,9.313225746154785e-10,1.1920928955078125e-07
NR,4.0,11,9.313225746154785e-10,1.1920928955078125e-07
NR,4.0,12,9.313225746154785e-10,1.1920928955078125e-07
NR,4.0,13,9.313225746154785e-10,1.1920928955078125e-07
NR,4.0,14,9.313225746154785e-10,1.1920928955078125e-07
NR,4.0,15,9.313225746154785e-10,1.1920928955078125e-07
NR,4.0,16,9.313225746154785e-10,1.1920928955078125e-07
NR,4.0,17,9.313225746154785e-10,1.1920928955078125e-07
NR,4.0,18,9.313225746154785e-10,1.1920928955078125e-07
NR,4.0,19,9.313225746154785e-10,1.1920928955078125e-07
NR,4.0,20,9.313225746154785e-10,1.1920928955078125e-07
NR,4.0,21,9.313225746154785e-10,1.1920928955078125e-07
NR,4.0,22,9.313225746154785e-10,1.1920928955078125e-07
NR,4.0,23,9.313225746154785e-10,1.1920928955078125e-07
NR,4.0,24,9.313225746154785e-10,1.1920928955078125e-07
NR,4.0,25,9.313225746154785e-10,1.1920928955078125e-07
NR,4.0,26,9.313225746154785e-10,1.1920928955078125e-07
NR,4.0,27,9.313225746154785e-10,1.1920928955078125e-07
NR,4.0,28,9.313225746154785e-10,1.1920928955078125e-07
NR,4.0,29,9.313225746154785e-10,1.1920928955078125e-07
NR,4.0,30,9.313225746154785e-10,1.1920928955078125e-07
NR,4.0,31,9.313225746154785e-10,1.1920928955078125e-07
NR,4.0,32,9.313225746154785e-10,1.1920928955078125e-07
NR,4.0,33,9.313225746154785e-10,1.1920928955078125e-07
NR,4.0,34,9.313225746154785e-10,1.1920928955078125e-07
NR,4.0,35,9.313225746154785e-10,1.1920928955078125e-07
NR,4.0,36,9.313225746154785e-10,1.1920928955078125e-07
NR,4.0,37,9.313225746154785e-10,1.1920928955078125e-07
NR,4.0,38,9.313225746154785e-10,1.1920928955078125e-07
NR,4.0,39,9.313225746154785e-10,1.1920928955078125e-07
NR,4.0,40,9.313225746154785e-10,1.1920928955078125e-07
NR,4.0,41,9.313225746154785e-10,1.1920928955078125e-07
NR,4.0,42,9.313225746154785e-10,1.1920928955078125e-07
NR,4.0,43,9.313225746154785e-10,1.1920928955078125e-07
NR,4.0,44,9.313225746154785e-10,1.1920928955078125e-07
NR,4.0,45,9.313225746154785e-10,1.1920928955078125e-07
NR,4.0,46,9.313225746154785e-10,1.1920928955078125e-07
NR,4.0,47,9.313225746154785e-10,1.1920928955078125e-07
NR,4.0,48,9.313225746154785e-10,1.1920928955078125e-07
NR,4.0,49,9.313225746154785e-10,1.1920928955078125e-07
NR,4.0,50,9.313225746154785e-10,1.1920928955078125e-07
NR,4.0,51,9.313225746154785e-10,1.1920928955078125e-07
NR,4.0,52,9.313225746154785e-10,1.1920928955078125e-07
NR,4.0,53,9.313225746154785e-10,1.1920928955078125e-07
NR,4.0,54,9.313225746154785e-10,1.1920928955078125e-07
NR,4.0,55,9.313225746154785e-10,1.1920928955078125e-07
NR,4.0,56,9.313225746154785e-10,1.1920928955078125e-07
NR,4.0,57,9.313225746154785e-10,1.1920928955078125e-07
NR,4.0,58,9.313225746154785e-10,1.1920928955078125e-07
NR,4.0,59,9.313225746154785e-10,1.1920928955078125e-07
NR,4.0,60,9.313225746154785e-10,1.1920928955078125e-07
NR,4.0,61,9.313225746154785e-10,1.1920928955078125e-07
NR,4.0,62,9.313225746154785e-10,1.1920928955078125e-07
NR,4.0,63,9.313225746154785e-10,1.1920928955078125e-07
NR,4.0,64,9.313225746154785e-10,1.1920928955078125e-07
BS,4.0,1,0.056947264820337296,1.7486212253570557
BS,4.0,2,0.006792943924665451,0.4427371025085449
BS,4.0,3,0.0013130903244018555,0.297558069229126
BS,4.0,4,0.0013674362562596798,0.13093280792236328
BS,4.0,5,0.0006330343894660473,0.0675656795501709
BS,4.0,6,0.00021581444889307022,0.032782554626464844
BS,4.0,7,9.109405800700188e-05,0.01600027084350586
BS,4.0,8,0.00010569021105766296,0.007961809635162354
BS,4.0,9,4.971260204911232e-05,0.003923356533050537
BS,4.0,10,2.1491199731826782e-05,0.001904606819152832
BS,4.0,11,7.321592420339584e-06,0.0010048151016235352
BS,4.0,12,2.911314368247986e-06,0.0004956722259521484
BS,4.0,13,3.330875188112259e-06,0.0002536773681640625
BS,4.0,14,1.553911715745926e-06,0.00012612342834472656
BS,4.0,15,6.654299795627594e-07,6.389617919921875e-05
BS,4.0,16,2.2724270820617676e-07,3.1948089599609375e-05
BS,4.0,17,1.0151416063308716e-07,1.5854835510253906e-05
BS,4.0,18,1.103617250919342e-07,7.987022399902344e-06
BS,4.0,19,5.494803190231323e-08,3.933906555175781e-06
BS,4.0,20,2.7474015951156616e-08,2.0265579223632812e-06
BS,4.0,21,1.3504177331924438e-08,1.0728836059570312e-06
BS,4.0,22,6.51925802230835e-09,5.960464477539062e-07
BS,4.0,23,2.7939677238464355e-09,3.5762786865234375e-07
BS,4.0,24,1.862645149230957e-09,3.5762786865234375e-07
BS,4.0,25,1.862645149230957e-09,3.5762786865234375e-07
BS,4.0,26,1.862645149230957e-09,3.5762786865234375e-07
BS,4.0,27,1.862645149230957e-09,3.5762786865234375e-07
BS,4.0,28,1.862645149230957e-09,3.5762786865234375e-07
BS,4.0,29,1.862645149230957e-09,3.5762786865234375e-07
BS,4.0,30,1.862645149230957e-09,3.5762786865234375e-07
BS,4.0,31,1.862645149230957e-09,3.5762786865234375e-07
BS,4.0,32,1.862645149230957e-09,3.5762786865234375e-07
BS,4.0,33,1.862645149230957e-09,3.5762786865234375e-07
BS,4.0,34,1.862645149230957e-09,3.5762786865234375e-07
BS,4.0,35,1.862645149230957e-09,3.5762786865234375e-07
BS,4.0,36,1.862645149230957e-09,3.5762786865234375e-07
BS,4.0,37,1.862645149230957e-09,3.5762786865234375e-07
BS,4.0,38,1.862645149230957e-09,3.5762786865234375e-07
BS,4.0,39,1.862645149230957e-09,3.5762786865234375e-07
BS,4.0,40,1.862645149230957e-09,3.5762786865234375e-07
BS,4.0,41,1.862645149230957e-09,3.5762786865234375e-07
BS,4.0,42,1.862645149230957e-09,3.5762786865234375e-07
BS,4.0,43,1.862645149230957e-09,3.5762786865234375e-07
BS,4.0,44,1.862645149230957e-09,3.5762786865234375e-07
BS,4.0,45,1.862645149230957e-09,3.5762786865234375e-07
BS,4.0,46,1.862645149230957e-09,3.5762786865234375e-07
BS,4.0,47,1.862645149230957e-09,3.5762786865234375e-07
BS,4.0,48,1.862645149230957e-09,3.5762786865234375e-07
BS,4.0,49,1.862645149230957e-09,3.5762786865234375e-07
BS,4.0,50,1.862645149230957e-09,3.5762786865234375e-07
BS,4.0,51,1.862645149230957e-09,3.5762786865234375e-07
BS,4.0,52,1.862645149230957e-09,3.5762786865234375e-07
BS,4.0,53,1.862645149230957e-09,3.5762786865234375e-07
BS,4.0,54,1.862645149230957e-09,3.5762786865234375e-07
BS,4.0,55,1.862645149230957e-09,3.5762786865234375e-07
BS,4.0,56,1.862645149230957e-09,3.5762786865234375e-07
BS,4.0,57,1.862645149230957e-09,3.5762786865234375e-07
BS,4.0,58,1.862645149230957e-09,3.5762786865234375e-07
BS,4.0,59,1.862645149230957e-09,3.5762786865234375e-07
BS,4.0,60,1.862645149230957e-09,3.5762786865234375e-07
BS,4.0,61,1.862645149230957e-09,3.5762786865234375e-07
BS,4.0,62,1.862645149230957e-09,3.5762786865234375e-07
BS,4.0,63,1.862645149230957e-09,3.5762786865234375e-07
BS,4.0,64,1.862645149230957e-09,3.5762786865234375e-07
Triton NR,4.0,1,0.00261282199062407,1.0883944034576416
Triton NR,4.0,2,0.0005990718491375446,0.2846205234527588
Triton NR,4.0,3,6.834673695266247e-05,0.03607964515686035
Triton NR,4.0,4,1.4756806194782257e-06,0.0007866621017456055
Triton NR,4.0,5,1.862645149230957e-09,2.384185791015625e-07
Triton NR,4.0,6,1.862645149230957e-09,2.384185791015625e-07
Triton NR,4.0,7,1.862645149230957e-09,2.384185791015625e-07
Triton NR,4.0,8,1.862645149230957e-09,2.384185791015625e-07
Triton NR,4.0,9,1.862645149230957e-09,2.384185791015625e-07
Triton NR,4.0,10,1.862645149230957e-09,2.384185791015625e-07
Triton NR,4.0,11,1.862645149230957e-09,2.384185791015625e-07
Triton NR,4.0,12,1.862645149230957e-09,2.384185791015625e-07
Triton NR,4.0,13,1.862645149230957e-09,2.384185791015625e-07
Triton NR,4.0,14,1.862645149230957e-09,2.384185791015625e-07
Triton NR,4.0,15,1.862645149230957e-09,2.384185791015625e-07
Triton NR,4.0,16,1.862645149230957e-09,2.384185791015625e-07
Triton NR,4.0,17,1.862645149230957e-09,2.384185791015625e-07
Triton NR,4.0,18,1.862645149230957e-09,2.384185791015625e-07
Triton NR,4.0,19,1.862645149230957e-09,2.384185791015625e-07
Triton NR,4.0,20,1.862645149230957e-09,2.384185791015625e-07
Triton NR,4.0,21,1.862645149230957e-09,2.384185791015625e-07
Triton NR,4.0,22,1.862645149230957e-09,2.384185791015625e-07
Triton NR,4.0,23,1.862645149230957e-09,2.384185791015625e-07
Triton NR,4.0,24,1.862645149230957e-09,2.384185791015625e-07
Triton NR,4.0,25,1.862645149230957e-09,2.384185791015625e-07
Triton NR,4.0,26,1.862645149230957e-09,2.384185791015625e-07
Triton NR,4.0,27,1.862645149230957e-09,2.384185791015625e-07
Triton NR,4.0,28,1.862645149230957e-09,2.384185791015625e-07
Triton NR,4.0,29,1.862645149230957e-09,2.384185791015625e-07
Triton NR,4.0,30,1.862645149230957e-09,2.384185791015625e-07
Triton NR,4.0,31,1.862645149230957e-09,2.384185791015625e-07
Triton NR,4.0,32,1.862645149230957e-09,2.384185791015625e-07
Triton NR,4.0,33,1.862645149230957e-09,2.384185791015625e-07
Triton NR,4.0,34,1.862645149230957e-09,2.384185791015625e-07
Triton NR,4.0,35,1.862645149230957e-09,2.384185791015625e-07
Triton NR,4.0,36,1.862645149230957e-09,2.384185791015625e-07
Triton NR,4.0,37,1.862645149230957e-09,2.384185791015625e-07
Triton NR,4.0,38,1.862645149230957e-09,2.384185791015625e-07
Triton NR,4.0,39,1.862645149230957e-09,2.384185791015625e-07
Triton NR,4.0,40,1.862645149230957e-09,2.384185791015625e-07
Triton NR,4.0,41,1.862645149230957e-09,2.384185791015625e-07
Triton NR,4.0,42,1.862645149230957e-09,2.384185791015625e-07
Triton NR,4.0,43,1.862645149230957e-09,2.384185791015625e-07
Triton NR,4.0,44,1.862645149230957e-09,2.384185791015625e-07
Triton NR,4.0,45,1.862645149230957e-09,2.384185791015625e-07
Triton NR,4.0,46,1.862645149230957e-09,2.384185791015625e-07
Triton NR,4.0,47,1.862645149230957e-09,2.384185791015625e-07
Triton NR,4.0,48,1.862645149230957e-09,2.384185791015625e-07
Triton NR,4.0,49,1.862645149230957e-09,2.384185791015625e-07
Triton NR,4.0,50,1.862645149230957e-09,2.384185791015625e-07
Triton NR,4.0,51,1.862645149230957e-09,2.384185791015625e-07
Triton NR,4.0,52,1.862645149230957e-09,2.384185791015625e-07
Triton NR,4.0,53,1.862645149230957e-09,2.384185791015625e-07
Triton NR,4.0,54,1.862645149230957e-09,2.384185791015625e-07
Triton NR,4.0,55,1.862645149230957e-09,2.384185791015625e-07
Triton NR,4.0,56,1.862645149230957e-09,2.384185791015625e-07
Triton NR,4.0,57,1.862645149230957e-09,2.384185791015625e-07
Triton NR,4.0,58,1.862645149230957e-09,2.384185791015625e-07
Triton NR,4.0,59,1.862645149230957e-09,2.384185791015625e-07
Triton NR,4.0,60,1.862645149230957e-09,2.384185791015625e-07
Triton NR,4.0,61,1.862645149230957e-09,2.384185791015625e-07
Triton NR,4.0,62,1.862645149230957e-09,2.384185791015625e-07
Triton NR,4.0,63,1.862645149230957e-09,2.384185791015625e-07
Triton NR,4.0,64,1.862645149230957e-09,2.384185791015625e-07
Triton BS,4.0,1,0.056947264820337296,1.7486212253570557
Triton BS,4.0,2,0.006792943924665451,0.4427371025085449
Triton BS,4.0,3,0.0013130903244018555,0.2975581884384155
Triton BS,4.0,4,0.001367436721920967,0.13093280792236328
Triton BS,4.0,5,0.0006330343894660473,0.0675656795501709
Triton BS,4.0,6,0.0002158130519092083,0.032782554626464844
Triton BS,4.0,7,9.109429083764553e-05,0.01600027084350586
Triton BS,4.0,8,0.00010569021105766296,0.007961809635162354
Triton BS,4.0,9,4.971306771039963e-05,0.003923296928405762
Triton BS,4.0,10,2.149166539311409e-05,0.001904606819152832
Triton BS,4.0,11,7.3229894042015076e-06,0.001004934310913086
Triton BS,4.0,12,2.9120128601789474e-06,0.0004957914352416992
Triton BS,4.0,13,3.330875188112259e-06,0.0002536773681640625
Triton BS,4.0,14,1.5548430383205414e-06,0.00012624263763427734
Triton BS,4.0,15,6.649643182754517e-07,6.401538848876953e-05
Triton BS,4.0,16,2.2724270820617676e-07,3.1948089599609375e-05
Triton BS,4.0,17,1.0174699127674103e-07,1.5854835510253906e-05
Triton BS,4.0,18,1.1082738637924194e-07,7.987022399902344e-06
Triton BS,4.0,19,5.587935447692871e-08,3.933906555175781e-06
Triton BS,4.0,20,2.8405338525772095e-08,2.1457672119140625e-06
Triton BS,4.0,21,1.3504177331924438e-08,9.5367431640625e-07
Triton BS,4.0,22,6.984919309616089e-09,5.960464477539062e-07
Triton BS,4.0,23,4.6566128730773926e-09,3.5762786865234375e-07
Triton BS,4.0,24,3.4924596548080444e-09,3.5762786865234375e-07
Triton BS,4.0,25,3.4924596548080444e-09,3.5762786865234375e-07
Triton BS,4.0,26,3.4924596548080444e-09,3.5762786865234375e-07
Triton BS,4.0,27,3.4924596548080444e-09,3.5762786865234375e-07
Triton BS,4.0,28,3.4924596548080444e-09,3.5762786865234375e-07
Triton BS,4.0,29,3.4924596548080444e-09,3.5762786865234375e-07
Triton BS,4.0,30,3.4924596548080444e-09,3.5762786865234375e-07
Triton BS,4.0,31,3.4924596548080444e-09,3.5762786865234375e-07
Triton BS,4.0,32,3.4924596548080444e-09,3.5762786865234375e-07
Triton BS,4.0,33,3.4924596548080444e-09,3.5762786865234375e-07
Triton BS,4.0,34,3.4924596548080444e-09,3.5762786865234375e-07
Triton BS,4.0,35,3.4924596548080444e-09,3.5762786865234375e-07
Triton BS,4.0,36,3.4924596548080444e-09,3.5762786865234375e-07
Triton BS,4.0,37,3.4924596548080444e-09,3.5762786865234375e-07
Triton BS,4.0,38,3.4924596548080444e-09,3.5762786865234375e-07
Triton BS,4.0,39,3.4924596548080444e-09,3.5762786865234375e-07
Triton BS,4.0,40,3.4924596548080444e-09,3.5762786865234375e-07
Triton BS,4.0,41,3.4924596548080444e-09,3.5762786865234375e-07
Triton BS,4.0,42,3.4924596548080444e-09,3.5762786865234375e-07
Triton BS,4.0,43,3.4924596548080444e-09,3.5762786865234375e-07
Triton BS,4.0,44,3.4924596548080444e-09,3.5762786865234375e-07
Triton BS,4.0,45,3.4924596548080444e-09,3.5762786865234375e-07
Triton BS,4.0,46,3.4924596548080444e-09,3.5762786865234375e-07
Triton BS,4.0,47,3.4924596548080444e-09,3.5762786865234375e-07
Triton BS,4.0,48,3.4924596548080444e-09,3.5762786865234375e-07
Triton BS,4.0,49,3.4924596548080444e-09,3.5762786865234375e-07
Triton BS,4.0,50,3.4924596548080444e-09,3.5762786865234375e-07
Triton BS,4.0,51,3.4924596548080444e-09,3.5762786865234375e-07
Triton BS,4.0,52,3.4924596548080444e-09,3.5762786865234375e-07
Triton BS,4.0,53,3.4924596548080444e-09,3.5762786865234375e-07
Triton BS,4.0,54,3.4924596548080444e-09,3.5762786865234375e-07
Triton BS,4.0,55,3.4924596548080444e-09,3.5762786865234375e-07
Triton BS,4.0,56,3.4924596548080444e-09,3.5762786865234375e-07
Triton BS,4.0,57,3.4924596548080444e-09,3.5762786865234375e-07
Triton BS,4.0,58,3.4924596548080444e-09,3.5762786865234375e-07
Triton BS,4.0,59,3.4924596548080444e-09,3.5762786865234375e-07
Triton BS,4.0,60,3.4924596548080444e-09,3.5762786865234375e-07
Triton BS,4.0,61,3.4924596548080444e-09,3.5762786865234375e-07
Triton BS,4.0,62,3.4924596548080444e-09,3.5762786865234375e-07
Triton BS,4.0,63,3.4924596548080444e-09,3.5762786865234375e-07
Triton BS,4.0,64,3.4924596548080444e-09,3.5762786865234375e-07
